date,open,close,high,low,volume,left_sum,right_sum,is_tip,tip
2018-01-02,12.479,12.588,12.637,12.469,313230.0,1.0,1.0,0,
2018-01-03,12.598,12.528,12.667,12.528,378391.0,1.0,1.0,1,12.667
2018-01-04,12.568,12.528,12.578,12.489,278838.0,1.0,3.0,2,12.489
2018-01-09,12.548,12.568,12.608,12.528,262154.0,1.0,1.0,0,
2018-01-10,12.568,12.885,12.954,12.766,906799.0,1.0,3.0,1,12.954
2018-01-15,12.746,12.885,12.944,12.716,613206.0,1.0,1.0,0,
2018-01-16,12.835,12.766,12.924,12.647,748926.0,1.0,1.0,2,12.647
2018-01-17,12.776,12.964,13.28,12.914,1271328.0,1.0,2.0,0,
2018-01-19,13.191,13.102,13.469,13.043,1716488.0,1.0,1.0,1,13.469
2018-01-22,12.796,12.637,13.013,12.578,2725138.0,1.0,1.0,0,
2018-01-23,12.617,12.766,12.786,12.548,2178274.0,1.0,1.0,2,12.548
2018-01-24,12.835,13.429,13.854,13.221,3796536.0,1.0,3.0,1,13.854
2018-01-29,13.34,13.32,13.389,13.182,1537831.0,1.0,1.0,0,
2018-01-30,13.31,12.974,13.35,12.954,1078040.0,1.0,1.0,0,
2018-02-01,13.003,13.162,13.053,12.805,1735733.0,2.0,2.0,2,12.805
2018-02-05,12.865,13.35,13.399,13.063,1501496.0,1.0,2.0,0,
2018-02-07,13.439,13.31,13.755,13.102,2007701.0,1.0,1.0,1,13.755
2018-02-08,13.201,12.964,13.261,12.815,1094268.0,1.0,1.0,0,
2018-02-09,12.756,12.647,12.548,12.113,1492573.0,1.0,5.0,2,12.113
2018-02-23,12.528,12.588,12.647,12.459,387365.0,1.0,1.0,0,
2018-02-26,12.637,12.598,12.707,12.479,488060.0,1.0,2.0,1,12.707
2018-02-28,12.479,12.33,12.528,12.311,398889.0,1.0,1.0,0,
2018-03-01,12.271,12.34,12.37,12.251,344910.0,1.0,1.0,0,
2018-03-05,12.281,12.291,12.33,12.212,293434.0,2.0,1.0,2,12.212
2018-03-06,12.35,12.36,12.38,12.251,272226.0,1.0,1.0,0,
2018-03-07,12.38,12.36,12.469,12.33,388175.0,1.0,1.0,1,12.469
2018-03-08,12.42,12.34,12.38,12.271,221641.0,1.0,2.0,2,12.271
2018-03-13,12.37,12.36,12.449,12.33,251450.0,2.0,1.0,1,12.449
2018-03-14,12.321,12.261,12.321,12.251,228046.0,1.0,1.0,0,
2018-03-15,12.222,12.261,12.281,12.212,172877.0,1.0,1.0,0,
2018-03-16,12.232,12.172,12.271,12.172,267813.0,1.0,1.0,0,
2018-03-20,12.152,12.192,12.202,12.123,206722.0,2.0,1.0,2,12.123
2018-03-21,12.212,12.162,12.271,12.152,238784.0,1.0,1.0,1,12.271
2018-03-22,12.222,12.123,12.222,12.123,229484.0,1.0,1.0,0,
2018-03-23,11.875,11.588,11.935,11.519,571063.0,1.0,1.0,0,
2018-03-26,11.588,11.489,11.628,11.38,364250.0,1.0,1.0,2,11.38
2018-03-27,11.578,11.499,11.648,11.44,273328.0,1.0,1.0,1,11.648
2018-03-28,11.41,11.45,11.628,11.4,229112.0,1.0,1.0,0,
2018-03-29,11.45,11.499,11.568,11.331,331088.0,1.0,2.0,2,11.331
2018-04-02,11.559,11.588,11.697,11.529,277195.0,1.0,1.0,1,11.697
2018-04-03,11.539,11.44,11.549,11.42,183035.0,1.0,1.0,0,
2018-04-04,11.489,11.41,11.529,11.41,196375.0,1.0,1.0,0,
2018-04-09,11.41,11.38,11.47,11.371,167224.0,1.0,1.0,2,11.371
2018-04-10,11.4,11.648,11.667,11.39,287482.0,1.0,1.0,0,
2018-04-11,11.667,11.786,11.895,11.638,312985.0,1.0,2.0,1,11.895
2018-04-13,11.707,11.568,11.766,11.568,140948.0,1.0,1.0,0,
2018-04-16,11.677,11.43,11.578,11.42,237200.0,1.0,2.0,2,11.42
2018-04-18,11.628,11.608,11.667,11.539,262952.0,1.0,1.0,0,
2018-04-19,11.677,11.677,11.766,11.638,165532.0,1.0,1.0,1,11.766
2018-04-20,11.618,11.489,11.667,11.45,183774.0,1.0,1.0,0,
2018-04-23,11.44,11.479,11.628,11.41,181816.0,1.0,1.0,2,11.41
2018-04-26,11.608,11.45,11.658,11.529,182057.0,3.0,1.0,1,11.658
2018-04-27,11.46,11.489,11.549,11.43,234507.0,1.0,1.0,0,
2018-05-02,11.212,10.915,11.212,10.856,693256.0,1.0,1.0,0,
2018-05-03,10.876,10.806,10.896,10.717,346655.0,1.0,1.0,0,
2018-05-04,10.797,10.717,10.826,10.688,222530.0,1.0,1.0,0,
2018-05-07,10.708,10.727,10.777,10.648,274253.0,1.0,1.0,2,10.648
2018-05-08,10.727,10.836,10.856,10.698,287964.0,1.0,1.0,0,
2018-05-09,10.836,10.816,10.886,10.797,185106.0,1.0,2.0,0,
2018-05-11,10.886,10.836,10.896,10.826,220151.0,1.0,1.0,0,
2018-05-15,10.915,10.876,10.935,10.846,235484.0,2.0,1.0,1,10.935
2018-05-16,10.816,10.757,10.846,10.747,235803.0,1.0,1.0,0,
2018-05-17,10.747,10.717,10.787,10.698,184746.0,1.0,2.0,2,10.698
2018-05-21,10.866,10.826,10.866,10.787,233937.0,1.0,1.0,1,10.866
2018-05-22,10.826,10.767,10.836,10.737,160145.0,1.0,1.0,0,
2018-05-23,10.767,10.688,10.777,10.678,211944.0,1.0,1.0,0,
2018-05-24,10.717,10.678,10.727,10.648,152295.0,1.0,1.0,0,
2018-05-25,10.717,10.599,10.717,10.569,190162.0,1.0,1.0,0,
2018-05-28,10.599,10.648,10.628,10.5,183703.0,1.0,2.0,0,
2018-05-30,10.45,10.331,10.49,10.282,322307.0,1.0,1.0,2,10.282
2018-05-31,10.351,10.44,10.579,10.421,455326.0,1.0,2.0,0,
2018-06-04,10.648,10.638,10.717,10.589,161803.0,1.0,1.0,1,10.717
2018-06-05,10.599,10.549,10.638,10.5,186926.0,1.0,1.0,0,
2018-06-07,10.45,10.51,10.529,10.401,233556.0,2.0,1.0,0,
2018-06-08,10.44,10.312,10.46,10.262,271819.0,1.0,1.0,0,
2018-06-11,10.272,10.312,10.302,10.173,180042.0,1.0,2.0,0,
2018-06-13,10.193,10.104,10.223,10.074,199615.0,1.0,1.0,0,
2018-06-14,10.054,10.114,10.153,10.054,175575.0,1.0,1.0,2,10.054
2018-06-15,10.114,10.193,10.233,10.084,199149.0,1.0,1.0,1,10.233
2018-06-21,9.777,9.728,9.876,9.649,236369.0,3.0,1.0,0,
2018-06-22,9.728,9.659,9.728,9.569,250400.0,1.0,1.0,0,
2018-06-25,9.668,9.461,9.718,9.451,242443.0,1.0,1.0,0,
2018-06-28,9.233,9.401,9.431,9.223,307413.0,3.0,1.0,2,9.223
2018-06-29,9.461,9.461,9.5,9.352,194935.0,1.0,1.0,1,9.5
2018-07-02,9.451,9.193,9.451,9.134,226690.0,1.0,1.0,0,
2018-07-03,9.193,9.253,9.282,9.104,241235.0,1.0,1.0,2,9.104
2018-07-04,9.243,9.213,9.322,9.184,144647.0,1.0,1.0,1,9.322
2018-07-06,9.213,9.273,9.253,9.075,225944.0,2.0,1.0,2,9.075
2018-07-09,9.273,9.5,9.53,9.273,221725.0,1.0,1.0,0,
2018-07-10,9.51,9.471,9.55,9.401,124028.0,1.0,1.0,1,9.55
2018-07-11,9.273,9.282,9.342,9.223,152039.0,1.0,1.0,2,9.223
2018-07-12,9.312,9.471,9.51,9.292,197048.0,1.0,1.0,0,
2018-07-13,9.57,9.49,9.58,9.46,150263.0,1.0,1.0,1,9.58
2018-07-16,9.5,9.41,9.48,9.34,144141.0,1.0,2.0,2,9.34
2018-07-20,9.56,9.87,9.95,9.53,332756.0,3.0,1.0,0,
2018-07-23,9.91,9.96,10.03,9.74,314844.0,1.0,1.0,0,
2018-07-24,9.98,10.02,10.14,9.97,364245.0,1.0,1.0,1,10.14
2018-07-25,10.12,10.02,10.12,9.96,158899.0,1.0,1.0,0,
2018-07-26,10.07,9.96,10.08,9.95,152063.0,1.0,1.0,0,
2018-07-27,9.96,9.99,10.04,9.93,121200.0,1.0,1.0,2,9.93
2018-07-30,9.99,10.13,10.16,9.97,200963.0,1.0,1.0,0,
2018-08-01,10.26,9.91,10.27,10.0,207418.0,2.0,1.0,1,10.27
2018-08-02,9.91,9.79,9.98,9.66,244838.0,1.0,2.0,2,9.66
2018-08-06,9.97,9.91,10.03,9.87,174444.0,1.0,1.0,0,
2018-08-07,9.94,10.11,10.12,9.94,217846.0,1.0,1.0,0,
2018-08-09,10.0,10.14,10.18,10.02,176898.0,2.0,2.0,1,10.18
2018-08-13,10.0,9.98,10.06,9.9,179276.0,1.0,1.0,2,9.9
2018-08-14,9.98,10.06,10.07,9.95,158685.0,1.0,1.0,1,10.07
2018-08-16,9.87,10.06,10.06,9.84,243236.0,2.0,1.0,2,9.84
2018-08-17,10.16,9.98,10.16,9.93,150904.0,1.0,1.0,0,
2018-08-20,10.17,10.15,10.17,10.01,269753.0,1.0,1.0,0,
2018-08-21,10.18,10.12,10.2,10.09,197865.0,1.0,1.0,1,10.2
2018-08-23,10.13,10.07,10.14,9.98,155378.0,2.0,1.0,2,9.98
2018-08-24,10.06,10.3,10.43,10.26,322688.0,1.0,4.0,1,10.43
2018-08-30,10.3,10.17,10.41,10.17,186218.0,1.0,1.0,0,
2018-08-31,10.16,10.33,10.3,10.16,373117.0,1.0,2.0,2,10.16
2018-09-04,10.21,10.37,10.4,10.18,163530.0,1.0,1.0,1,10.4
2018-09-11,10.22,10.02,10.23,9.98,196890.0,5.0,1.0,0,
2018-09-12,9.99,10.04,10.07,9.95,165061.0,1.0,1.0,2,9.95
2018-09-13,10.17,10.29,10.3,10.11,294171.0,1.0,1.0,0,
2018-09-14,10.36,10.26,10.36,10.21,164507.0,1.0,1.0,1,10.36
2018-09-17,10.26,10.15,10.28,10.1,105353.0,1.0,1.0,0,
2018-09-18,10.16,10.26,10.26,10.09,166847.0,1.0,1.0,2,10.09
2018-09-19,10.28,10.24,10.29,10.2,185506.0,1.0,1.0,1,10.29
2018-09-21,10.24,10.49,10.28,10.15,375714.0,2.0,1.0,2,10.15
2018-09-25,10.38,10.35,10.47,10.32,158791.0,1.0,1.0,0,
2018-09-26,10.39,10.41,10.56,10.38,311757.0,1.0,2.0,0,
2018-09-28,10.49,10.62,10.75,10.44,374306.0,1.0,1.0,1,10.75
2018-10-08,10.39,10.16,10.48,10.15,419572.0,1.0,1.0,0,
2018-10-09,10.08,10.15,10.24,10.07,231590.0,1.0,1.0,2,10.07
2018-10-10,10.14,10.17,10.28,10.13,181247.0,1.0,1.0,1,10.28
2018-10-11,10.0,9.8,10.05,9.71,390567.0,1.0,1.0,2,9.71
2018-10-12,9.9,10.03,10.1,9.83,251451.0,1.0,1.0,0,
2018-10-16,10.03,10.05,10.19,9.97,153083.0,2.0,1.0,0,
2018-10-17,10.18,10.29,10.31,10.14,265208.0,1.0,1.0,0,
2018-10-19,10.25,10.38,10.43,10.16,403313.0,2.0,1.0,0,
2018-10-22,10.32,10.62,10.7,10.45,470034.0,1.0,2.0,0,
2018-10-24,10.57,10.74,11.05,10.74,591655.0,1.0,3.0,0,
2018-10-29,11.08,10.79,11.12,10.89,352659.0,1.0,2.0,1,11.12
2018-11-01,11.05,10.89,11.03,10.86,235053.0,2.0,1.0,2,10.86
2018-11-02,11.1,11.18,11.25,11.08,477889.0,1.0,2.0,1,11.25
2018-11-06,11.13,11.03,11.15,11.0,184224.0,1.0,1.0,0,
2018-11-07,11.09,10.9,11.1,10.87,208438.0,1.0,2.0,0,
2018-11-09,10.99,10.75,10.95,10.7,255700.0,1.0,2.0,0,
2018-11-13,10.68,10.82,10.87,10.68,207087.0,1.0,2.0,0,
2018-11-15,10.72,10.77,10.81,10.65,165800.0,1.0,1.0,2,10.65
2018-11-16,10.77,10.76,10.85,10.71,213944.0,1.0,1.0,0,
2018-11-19,10.86,10.88,10.9,10.77,213847.0,1.0,1.0,1,10.9
2018-11-20,10.87,10.69,10.89,10.65,218837.0,1.0,1.0,0,
2018-11-22,10.73,10.64,10.72,10.57,140083.0,2.0,1.0,0,
2018-11-26,10.66,10.5,10.61,10.43,143773.0,2.0,2.0,2,10.43
2018-11-28,10.56,10.58,10.62,10.5,183396.0,1.0,1.0,0,
2018-11-29,10.64,10.63,10.75,10.62,206856.0,1.0,2.0,0,
2018-12-03,10.99,11.02,11.05,10.84,430490.0,1.0,1.0,0,
2018-12-05,10.99,11.0,11.1,10.97,254912.0,2.0,1.0,1,11.1
2018-12-06,10.82,10.9,10.93,10.82,235979.0,1.0,1.0,2,10.82
2018-12-07,10.94,10.89,11.03,10.88,105805.0,1.0,1.0,1,11.03
2018-12-11,10.84,10.72,10.86,10.69,172342.0,2.0,3.0,0,
2018-12-18,10.68,10.57,10.65,10.54,194516.0,3.0,2.0,0,
2018-12-20,10.53,10.25,10.59,10.11,300699.0,1.0,1.0,0,
2018-12-21,10.23,10.07,10.24,10.0,208858.0,1.0,1.0,0,
2018-12-24,9.98,9.91,10.04,9.86,227798.0,1.0,1.0,0,
2018-12-25,9.77,9.79,9.86,9.6,348103.0,1.0,1.0,2,9.6
2018-12-26,9.81,9.67,9.88,9.66,205692.0,1.0,2.0,0,
2018-12-28,9.72,9.8,9.95,9.71,274040.0,1.0,1.0,1,9.95
2019-01-02,9.74,9.7,9.79,9.58,237628.0,1.0,1.0,2,9.58
2019-01-03,9.7,9.81,9.82,9.66,186542.0,1.0,1.0,0,
2019-01-04,9.73,9.96,10.0,9.7,271728.0,1.0,1.0,0,
2019-01-07,10.09,9.98,10.09,9.92,235973.0,1.0,1.0,1,10.09
2019-01-08,10.03,9.96,10.03,9.91,151049.0,1.0,1.0,2,9.91
2019-01-09,10.06,9.99,10.16,9.98,231637.0,1.0,1.0,1,10.16
2019-01-10,9.94,9.96,10.02,9.92,159235.0,1.0,1.0,2,9.92
2019-01-17,10.17,10.17,10.28,10.07,227660.0,5.0,1.0,0,
2019-01-18,10.29,10.43,10.44,10.22,290871.0,1.0,1.0,0,
2019-01-21,10.36,10.35,10.46,10.3,189477.0,1.0,1.0,1,10.46
2019-01-22,10.38,10.25,10.34,10.23,162505.0,1.0,2.0,2,10.23
2019-01-24,10.34,10.38,10.39,10.27,150066.0,1.0,1.0,0,
2019-01-25,10.45,10.5,10.56,10.38,196965.0,1.0,1.0,0,
2019-01-28,10.53,10.42,10.66,10.39,217690.0,1.0,1.0,1,10.66
2019-01-29,10.39,10.58,10.63,10.38,237680.0,1.0,1.0,2,10.38
2019-01-30,10.59,10.5,10.64,10.47,160542.0,1.0,1.0,0,
2019-01-31,10.59,10.73,10.73,10.51,251310.0,1.0,1.0,0,
2019-02-01,10.82,10.77,10.82,10.63,191193.0,1.0,3.0,0,
2019-02-13,10.74,10.86,10.93,10.8,302486.0,1.0,2.0,1,10.93
2019-02-15,10.78,10.66,10.85,10.66,177587.0,1.0,1.0,2,10.66
2019-02-18,10.75,10.84,10.87,10.7,201022.0,1.0,1.0,0,
2019-02-19,10.85,10.8,10.96,10.81,259527.0,1.0,2.0,1,10.96
2019-02-21,10.83,10.79,10.93,10.75,254023.0,1.0,1.0,2,10.75
2019-02-22,10.76,11.01,11.01,10.76,259074.0,1.0,1.0,0,
2019-02-25,11.03,11.92,11.95,11.03,937122.0,1.0,1.0,0,
2019-02-26,11.91,11.65,12.15,11.68,836432.0,1.0,3.0,1,12.15
2019-03-01,11.81,12.02,12.06,11.6,632546.0,1.0,1.0,2,11.6
2019-03-04,12.12,12.02,12.38,11.95,850247.0,1.0,1.0,1,12.38
2019-03-06,11.99,12.02,12.04,11.86,536931.0,2.0,2.0,0,
2019-03-08,11.72,11.5,11.59,11.36,526705.0,1.0,2.0,2,11.36
2019-03-12,11.59,11.44,11.69,11.4,522118.0,1.0,1.0,1,11.69
2019-03-13,11.41,11.44,11.56,11.3,413730.0,1.0,1.0,2,11.3
2019-03-18,11.45,11.59,11.6,11.43,438795.0,3.0,1.0,0,
2019-03-19,11.63,11.55,11.67,11.51,275002.0,1.0,1.0,1,11.67
2019-03-20,11.52,11.55,11.64,11.49,273254.0,1.0,1.0,0,
2019-03-21,11.56,11.46,11.59,11.44,350370.0,1.0,1.0,0,
2019-03-22,11.49,11.39,11.51,11.31,354364.0,1.0,1.0,0,
2019-03-25,11.28,11.03,11.14,11.01,577165.0,1.0,2.0,2,11.01
2019-03-27,11.11,11.08,11.24,11.04,421244.0,1.0,1.0,1,11.24
2019-03-28,11.03,11.03,11.05,10.9,292961.0,1.0,1.0,2,10.9
2019-03-29,10.98,11.28,11.3,10.98,605262.0,1.0,1.0,0,
2019-04-03,11.37,11.5,11.54,11.41,502710.0,3.0,1.0,0,
2019-04-04,11.55,11.71,11.71,11.54,752325.0,1.0,1.0,0,
2019-04-08,11.79,11.72,11.96,11.65,778703.0,1.0,1.0,1,11.96
2019-04-09,11.72,11.54,11.75,11.49,568959.0,1.0,1.0,0,
2019-04-11,11.47,11.47,11.56,11.35,501727.0,2.0,2.0,2,11.35
2019-04-16,11.46,11.95,11.99,11.46,1006654.0,2.0,1.0,0,
2019-04-17,11.96,11.91,12.09,11.88,681572.0,1.0,1.0,1,12.09
2019-04-18,11.91,11.91,12.05,11.84,430489.0,1.0,1.0,2,11.84
2019-04-19,12.01,12.01,12.2,11.86,560130.0,1.0,1.0,1,12.2
2019-04-22,12.02,11.71,12.07,11.68,533894.0,1.0,1.0,0,
2019-04-23,11.68,11.7,11.8,11.63,338477.0,1.0,1.0,0,
2019-04-24,11.76,11.62,11.77,11.51,382011.0,1.0,1.0,0,
2019-04-25,11.56,11.54,11.69,11.48,408761.0,1.0,1.0,0,
2019-04-26,11.43,11.32,11.54,11.28,424695.0,1.0,2.0,2,11.28
2019-04-30,11.7,11.97,12.09,11.7,1234747.0,1.0,1.0,1,12.09
2019-05-06,11.75,11.8,11.86,11.54,1245454.0,1.0,1.0,2,11.54
2019-05-07,11.82,11.8,11.94,11.6,854899.0,1.0,1.0,1,11.94
2019-05-08,11.64,11.51,11.78,11.49,585001.0,1.0,1.0,0,
2019-05-09,11.48,11.12,11.56,11.1,641280.0,1.0,1.0,0,
2019-05-10,11.23,11.32,11.4,11.06,485507.0,1.0,2.0,2,11.06
2019-05-14,11.18,11.21,11.44,11.23,418889.0,1.0,2.0,1,11.44
2019-05-16,11.28,11.3,11.36,11.22,341417.0,1.0,1.0,0,
2019-05-17,11.32,11.24,11.35,11.2,383998.0,1.0,1.0,2,11.2
2019-05-20,11.28,11.34,11.44,11.25,349044.0,1.0,1.0,0,
2019-05-21,11.33,11.32,11.45,11.31,329758.0,1.0,1.0,1,11.45
2019-05-22,11.32,11.16,11.34,11.12,400003.0,1.0,1.0,0,
2019-05-23,11.12,11.1,11.15,10.95,363126.0,1.0,1.0,2,10.95
2019-05-27,11.09,11.22,11.26,11.0,350879.0,2.0,1.0,0,
2019-05-28,11.19,11.29,11.3,11.07,722781.0,1.0,2.0,1,11.3
2019-05-30,11.18,11.11,11.18,11.03,266500.0,1.0,1.0,2,11.03
2019-05-31,11.11,11.13,11.23,11.05,369767.0,1.0,1.0,0,
2019-06-03,11.17,11.28,11.29,11.13,304920.0,1.0,1.0,0,
2019-06-04,11.29,11.35,11.37,11.26,250773.0,1.0,1.0,0,
2019-06-05,11.43,11.41,11.52,11.38,314236.0,1.0,2.0,0,
2019-06-10,11.57,11.61,11.7,11.53,431837.0,1.0,1.0,1,11.7
2019-06-11,11.35,11.42,11.45,11.27,522662.0,1.0,1.0,2,11.27
2019-06-12,11.42,11.6,11.7,11.4,506352.0,1.0,1.0,0,
2019-06-13,11.57,11.7,11.79,11.5,469660.0,1.0,1.0,0,
2019-06-14,11.74,11.79,11.87,11.71,473851.0,1.0,1.0,0,
2019-06-17,11.78,11.77,11.92,11.75,352201.0,1.0,1.0,1,11.92
2019-06-18,11.82,11.82,11.9,11.72,289651.0,1.0,1.0,2,11.72
2019-06-19,12.04,11.88,12.07,11.81,449277.0,1.0,1.0,0,
2019-06-20,11.95,12.2,12.32,12.03,716474.0,1.0,2.0,1,12.32
2019-06-24,12.09,12.03,12.13,11.96,341953.0,1.0,1.0,0,
2019-06-25,11.98,11.66,11.73,11.51,803593.0,1.0,2.0,2,11.51
2019-06-27,11.68,11.64,11.84,11.55,479977.0,1.0,1.0,1,11.84
2019-06-28,11.67,11.68,11.68,11.54,295451.0,1.0,1.0,2,11.54
2019-07-01,11.86,11.71,11.92,11.69,548878.0,1.0,1.0,1,11.92
2019-07-02,11.72,11.61,11.74,11.57,511657.0,1.0,1.0,0,
2019-07-03,11.62,11.56,11.63,11.51,365670.0,1.0,1.0,2,11.51
2019-07-04,11.61,11.62,11.67,11.57,303692.0,1.0,1.0,1,11.67
2019-07-05,11.63,11.57,11.64,11.53,257532.0,1.0,1.0,0,
2019-07-08,11.56,11.36,11.43,11.31,347106.0,1.0,3.0,2,11.31
2019-07-11,11.43,11.4,11.46,11.34,232858.0,1.0,1.0,0,
2019-07-12,11.39,11.52,11.62,11.39,348169.0,1.0,1.0,1,11.62
2019-07-15,11.4,11.5,11.54,11.22,403056.0,1.0,1.0,2,11.22
2019-07-16,11.5,11.55,11.57,11.46,216060.0,1.0,2.0,1,11.57
2019-07-18,11.53,11.49,11.53,11.45,182600.0,1.0,1.0,2,11.45
2019-07-22,11.54,11.48,11.63,11.49,256178.0,2.0,1.0,1,11.63
2019-07-23,11.43,11.49,11.56,11.43,179278.0,1.0,1.0,2,11.43
2019-07-24,11.54,11.59,11.68,11.53,241122.0,1.0,1.0,0,
2019-07-25,11.57,11.88,11.96,11.81,559002.0,1.0,2.0,1,11.96
2019-07-29,11.9,11.86,11.94,11.8,214650.0,1.0,1.0,2,11.8
2019-07-30,11.84,11.86,12.0,11.84,337310.0,1.0,1.0,1,12.0
2019-07-31,11.81,11.87,11.94,11.73,306507.0,1.0,1.0,0,
2019-08-01,11.76,11.65,11.85,11.63,324717.0,1.0,1.0,0,
2019-08-02,11.48,11.48,11.56,11.41,389760.0,1.0,1.0,0,
2019-08-05,11.42,11.24,11.46,11.23,427190.0,1.0,1.0,0,
2019-08-06,11.1,11.09,11.16,10.97,452038.0,1.0,2.0,2,10.97
2019-08-08,11.15,11.26,11.31,11.11,332580.0,1.0,1.0,0,
2019-08-09,11.31,11.37,11.41,11.26,406379.0,1.0,1.0,0,
2019-08-12,11.33,11.43,11.45,11.31,349890.0,1.0,1.0,1,11.45
2019-08-14,11.42,11.28,11.4,11.28,198744.0,2.0,1.0,0,
2019-08-15,11.16,11.29,11.32,11.12,191011.0,1.0,1.0,2,11.12
2019-08-19,11.22,11.38,11.38,11.21,382533.0,2.0,1.0,0,
2019-08-20,11.3,11.37,11.47,11.37,237580.0,1.0,3.0,0,
2019-08-23,11.39,11.59,11.59,11.38,336553.0,1.0,1.0,1,11.59
2019-08-26,11.39,11.3,11.44,11.15,418451.0,1.0,1.0,2,11.15
2019-08-27,11.37,11.3,11.57,11.3,662474.0,1.0,2.0,1,11.57
2019-08-29,11.3,11.23,11.35,11.18,280495.0,1.0,1.0,2,11.18
2019-08-30,11.34,11.28,11.37,11.22,254240.0,1.0,1.0,0,
2019-09-02,11.3,11.34,11.42,11.31,277498.0,1.0,2.0,0,
2019-09-04,11.4,11.49,11.5,11.36,306709.0,1.0,1.0,0,
2019-09-05,11.5,11.62,11.74,11.58,468280.0,1.0,2.0,0,
2019-09-09,11.78,11.75,11.79,11.68,400593.0,1.0,1.0,0,
2019-09-10,11.79,11.85,11.86,11.69,370410.0,1.0,1.0,0,
2019-09-11,11.85,11.95,12.0,11.85,390636.0,1.0,1.0,0,
2019-09-12,12.08,12.0,12.09,11.92,261048.0,1.0,1.0,1,12.09
2019-09-17,11.96,11.81,11.99,11.77,335589.0,2.0,4.0,0,
2019-09-23,11.9,11.75,11.86,11.68,277107.0,1.0,2.0,2,11.68
2019-09-25,11.75,11.81,11.95,11.69,301363.0,1.0,1.0,0,
2019-09-26,11.88,11.97,12.18,11.84,727264.0,1.0,1.0,1,12.18
2019-09-27,11.95,11.9,11.99,11.76,368078.0,1.0,1.0,2,11.76
2019-09-30,11.85,11.84,12.07,11.81,359475.0,1.0,1.0,1,12.07
2019-10-09,11.82,11.99,12.03,11.8,422096.0,2.0,1.0,2,11.8
2019-10-10,12.02,11.96,12.04,11.91,272612.0,1.0,1.0,0,
2019-10-11,12.05,12.45,12.45,12.0,920308.0,1.0,1.0,0,
2019-10-14,12.59,12.94,13.22,12.86,1239701.0,1.0,2.0,0,
2019-10-16,13.08,13.08,13.33,13.03,670022.0,1.0,2.0,1,13.33
2019-10-18,13.24,12.78,13.03,12.72,649928.0,1.0,2.0,2,12.72
2019-10-22,13.03,12.93,13.05,12.77,313962.0,1.0,2.0,0,
2019-10-24,12.98,13.09,13.24,12.95,1031588.0,1.0,1.0,1,13.24
2019-10-25,13.09,12.9,13.09,12.78,978763.0,1.0,1.0,0,
2019-10-28,12.75,12.7,12.88,12.65,723804.0,1.0,1.0,0,
2019-10-29,12.74,12.77,12.85,12.62,526040.0,1.0,1.0,0,
2019-10-30,12.75,12.59,12.79,12.52,537347.0,1.0,1.0,0,
2019-11-01,12.5,12.75,12.7,12.44,627057.0,2.0,1.0,2,12.44
2019-11-05,12.74,12.95,13.19,12.86,742743.0,2.0,2.0,1,13.19
2019-11-07,12.95,12.76,12.95,12.71,462672.0,1.0,1.0,0,
2019-11-08,12.8,12.57,12.81,12.56,488418.0,1.0,1.0,0,
2019-11-11,12.48,12.29,12.48,12.29,385942.0,1.0,1.0,0,
2019-11-12,12.31,12.24,12.36,12.17,392393.0,1.0,1.0,0,
2019-11-13,12.21,12.23,12.29,12.15,322749.0,1.0,1.0,0,
2019-11-14,12.23,12.14,12.26,12.1,289436.0,1.0,2.0,2,12.1
2019-11-18,12.17,12.24,12.35,12.18,287965.0,1.0,2.0,1,12.35
2019-11-20,12.17,12.04,12.22,12.01,380920.0,1.0,1.0,0,
2019-11-21,12.0,11.96,12.04,11.91,346171.0,1.0,1.0,2,11.91
2019-11-22,12.01,11.99,12.06,11.94,295310.0,1.0,1.0,0,
2019-11-26,12.15,12.06,12.17,12.0,596332.0,2.0,1.0,1,12.17
2019-11-29,11.93,11.91,12.01,11.89,245669.0,3.0,1.0,0,
2019-12-02,11.96,11.87,11.97,11.82,221630.0,1.0,1.0,0,
2019-12-03,11.81,11.86,11.9,11.77,195578.0,1.0,1.0,0,
2019-12-04,11.78,11.75,11.83,11.7,247346.0,1.0,1.0,2,11.7
2019-12-05,11.79,11.89,11.89,11.76,249761.0,1.0,1.0,0,
2019-12-11,11.88,11.98,11.99,11.88,334090.0,4.0,2.0,0,
2019-12-13,11.98,12.12,12.12,11.94,595205.0,1.0,1.0,0,
2019-12-16,12.12,12.13,12.15,12.0,379716.0,1.0,1.0,0,
2019-12-20,12.41,12.42,12.55,12.38,401501.0,4.0,1.0,1,12.55
2019-12-23,12.46,12.2,12.29,12.17,370338.0,1.0,3.0,2,12.17
2019-12-26,12.26,12.29,12.32,12.23,157390.0,1.0,1.0,0,
2019-12-27,12.25,12.32,12.43,12.25,279321.0,1.0,1.0,1,12.43
2019-12-30,12.27,12.34,12.36,12.12,410515.0,1.0,1.0,2,12.12
2019-12-31,12.32,12.37,12.38,12.21,319536.0,1.0,1.0,0,
2020-01-06,12.52,12.46,12.65,12.47,410011.0,3.0,1.0,1,12.65
2020-01-07,12.51,12.5,12.6,12.46,284214.0,1.0,1.0,0,
2020-01-08,12.41,12.32,12.41,12.25,352405.0,1.0,4.0,2,12.25
2020-01-14,12.4,12.43,12.69,12.39,299945.0,1.0,1.0,1,12.69
2020-01-15,12.41,12.25,12.45,12.25,318972.0,1.0,1.0,0,
2020-01-16,12.28,12.2,12.27,12.16,224548.0,1.0,3.0,0,
2020-01-21,12.2,12.08,12.25,12.04,317874.0,1.0,1.0,0,
2020-01-22,11.7,11.77,11.84,11.65,781335.0,1.0,1.0,0,
2020-01-23,11.75,11.35,11.75,11.32,765347.0,1.0,1.0,0,
2020-02-03,10.22,10.47,10.69,10.22,953673.0,1.0,1.0,2,10.22
2020-02-04,10.51,10.66,10.74,10.48,667837.0,1.0,1.0,0,
2020-02-05,10.69,10.7,10.78,10.58,450466.0,1.0,1.0,0,
2020-02-06,10.81,10.79,10.86,10.65,380238.0,1.0,1.0,0,
2020-02-07,10.73,10.86,10.91,10.71,318969.0,1.0,2.0,0,
