,ts_code,trade_date,open,high,low,close,pre_close,change,pct_chg,vol,amount,ma5,ma_v_5,ma20,ma_v_20,ma60,ma_v_60,key
0,600104.SH,20180102,28.5809,28.7431,28.4097,28.626,28.8692,-0.24319999999999808,-0.8424,226115.07,717180.764,,,,,,,0
1,600104.SH,20180103,28.626,28.8692,28.3106,28.4097,28.626,-0.21630000000000038,-0.7556,313794.96,996715.083,,,,,,,1
2,600104.SH,20180104,28.3827,28.7881,28.2295,28.4998,28.4097,0.09009999999999962,0.3171,237603.07,752664.479,,,,,,,2
3,600104.SH,20180105,28.5178,28.7881,28.4097,28.7611,28.4998,0.26129999999999853,0.9168,222950.69,709304.662,,,,,,,3
4,600104.SH,20180108,28.8062,29.509,28.7791,29.2026,28.7611,0.44150000000000134,1.5351,369558.02,1195178.509,28.6998,274004.362,,,,,4
5,600104.SH,20180109,29.1666,29.4369,28.9864,29.2296,29.2026,0.027000000000001023,0.0925,234624.24,761216.168,28.8206,275706.196,,,,,5
6,600104.SH,20180110,29.4639,30.8425,29.3738,30.5181,29.2296,1.288499999999999,4.4082,507759.76,1705459.608,29.2422,314499.156,,,,,6
7,600104.SH,20180111,30.2748,30.5902,30.0316,30.4821,30.5181,-0.036000000000001364,-0.118,243502.22,819446.175,29.6387,315678.986,,,,,7
8,600104.SH,20180112,30.3289,30.9056,30.1938,30.5542,30.4821,0.0721000000000025,0.2365,201355.2,683985.949,29.9973,311359.888,,,,,8
9,600104.SH,20180115,30.4821,30.4821,29.8333,30.1847,30.5542,-0.36950000000000216,-1.2093,332662.6,1112007.221,30.1937,303980.804,,,,,9
10,600104.SH,20180116,30.1037,30.1397,29.0404,29.1215,30.1847,-1.0631999999999984,-3.5223,577530.0,1896932.462,30.1721,372561.956,,,,,10
11,600104.SH,20180117,29.4189,29.7162,29.0584,29.3107,29.1215,0.1891999999999996,0.6497,407618.24,1328407.367,29.9306,352533.652,,,,,11
12,600104.SH,20180118,29.518,29.8063,29.2116,29.3107,29.3107,0.0,0.0,389654.41,1273534.559,29.6964,381764.09,,,,,12
13,600104.SH,20180119,29.4549,30.1667,29.1576,29.5811,29.3107,0.27039999999999864,0.9225,347555.15,1142485.013,29.5017,411004.08,,,,,13
14,600104.SH,20180122,29.6892,30.5001,29.6261,30.41,29.5811,0.8289000000000009,2.8021,362984.97,1211486.979,29.5468,417068.554,,,,,14
15,600104.SH,20180123,30.5001,31.0678,30.383,30.6082,30.41,0.19819999999999993,0.6518,361773.91,1232726.232,29.8441,373917.336,,,,,15
16,600104.SH,20180124,30.8605,30.9596,30.3019,30.5992,30.6082,-0.009000000000000341,-0.0294,279046.76,946290.353,30.1018,348203.04,,,,,16
17,600104.SH,20180125,30.6533,31.5003,30.2298,31.4282,30.5992,0.8290000000000006,2.7092,484314.47,1669107.622,30.5253,367135.052,,,,,17
18,600104.SH,20180126,31.4912,31.7796,31.1669,31.5183,31.4282,0.09009999999999962,0.2867,313352.91,1093843.494,30.9128,360294.604,,,,,18
19,600104.SH,20180129,31.5363,32.3292,31.0407,31.0497,31.5183,-0.4685999999999986,-1.4868,367266.6,1292682.355,31.0407,361150.93,29.8703,339051.1625,,,19
20,600104.SH,20180130,30.9326,31.3561,30.5992,31.0137,31.0497,-0.036000000000001364,-0.1159,182456.59,626801.995,31.1218,325287.466,29.9897,336868.2385,,,20
21,600104.SH,20180131,30.8245,31.3921,30.6983,30.9867,31.0137,-0.027000000000001023,-0.0871,221412.16,762592.534,31.1993,313760.546,30.1185,332249.0985,,,21
22,600104.SH,20180201,31.1579,31.4462,30.6713,31.4192,30.9867,0.432500000000001,1.3958,458881.77,1581189.087,31.1975,308674.006,30.2645,343313.0335,,,22
23,600104.SH,20180202,31.2209,31.3741,30.8155,31.266,31.4192,-0.15320000000000178,-0.4876,211824.51,731244.545,31.1471,288368.326,30.3897,342756.7245,,,23
24,600104.SH,20180205,31.0407,31.0948,30.5271,30.7704,31.266,-0.4955999999999996,-1.5851,259667.41,885268.803,31.0912,266848.488,30.4681,337262.194,,,24
25,600104.SH,20180206,30.1847,30.7975,29.8424,30.7704,30.7704,0.0,0.0,550881.53,1851844.892,31.0425,340533.476,30.5452,353075.0585,,,25
26,600104.SH,20180207,30.9236,31.1308,30.2478,30.6623,30.7704,-0.10810000000000031,-0.3513,335247.15,1140774.928,30.9777,363300.474,30.5524,344449.428,,,26
27,600104.SH,20180208,30.5181,30.6263,29.2837,29.5811,30.6623,-1.081199999999999,-3.5262,363681.62,1199416.257,30.61,344260.444,30.5073,350458.398,,,27
28,600104.SH,20180209,28.9503,29.0765,27.6348,28.8422,29.5811,-0.738900000000001,-2.4979,364807.71,1149205.333,30.1253,374857.084,30.4217,358631.0235,,,28
29,600104.SH,20180212,28.7431,29.6441,28.7431,29.1215,28.8422,0.27930000000000277,0.9684,170044.07,551583.728,29.7955,356932.416,30.3686,350500.097,,,29
30,600104.SH,20180213,29.2206,29.8153,29.2206,29.6621,29.1215,0.5405999999999977,1.8564,162082.67,532770.793,29.5738,279172.644,30.3956,329727.7305,,,30
31,600104.SH,20180214,29.6712,30.0045,29.6712,29.9234,29.6621,0.2613000000000021,0.8809,121516.1,403036.785,29.4261,236426.434,30.4262,315422.6235,,,31
32,600104.SH,20180222,30.1847,30.7524,29.9865,30.6533,29.9234,0.7299000000000007,2.4392,195710.7,660923.899,29.6405,202832.25,30.4934,305725.438,,,32
33,600104.SH,20180223,30.6533,30.7794,30.2748,30.6983,30.6533,0.04499999999999815,0.1468,175931.64,597139.835,30.0117,165057.036,30.5492,297144.2625,,,33
34,600104.SH,20180226,30.7794,31.4822,30.7794,31.0678,30.6983,0.3694999999999986,1.2036,201495.81,695976.368,30.401,171347.384,30.5821,289069.8045,,,34
35,600104.SH,20180227,31.3561,31.3561,30.5181,30.9867,31.0678,-0.08109999999999928,-0.261,226627.87,776204.627,30.6659,184256.424,30.601,282312.5025,,,35
36,600104.SH,20180228,30.6713,30.7704,30.2118,30.3109,30.9867,-0.6757999999999988,-2.1809,151117.16,511531.959,30.7434,190176.636,30.5866,275916.0225,,,36
37,600104.SH,20180301,30.2118,30.7073,30.0766,30.5722,30.3109,0.26129999999999853,0.8621,146377.24,494880.175,30.7272,180309.944,30.5438,259019.161,,,37
38,600104.SH,20180302,30.5452,31.5994,30.3289,31.5543,30.5722,0.9821000000000026,3.2124,295353.99,1020887.481,30.8984,204194.414,30.5456,258119.215,,,38
39,600104.SH,20180305,31.6084,32.131,31.0407,31.7075,31.5543,0.15319999999999823,0.4855,262414.79,919354.807,31.0263,216378.21,30.5785,252876.6245,,,39
40,600104.SH,20180306,31.8066,32.0319,31.4462,31.6084,31.7075,-0.09909999999999997,-0.3125,188915.31,665485.639,31.1507,208835.698,30.6082,253199.5605,,,40
41,600104.SH,20180307,31.6444,32.7347,31.6444,32.4013,31.6084,0.7928999999999995,2.5085,323211.96,1163333.368,31.5687,243254.658,30.679,258289.5505,,,41
42,600104.SH,20180308,32.2661,32.9689,32.158,32.2842,32.4013,-0.11710000000000065,-0.3614,261910.08,946742.822,31.9111,266361.226,30.7222,248440.966,,,42
43,600104.SH,20180309,32.149,33.014,32.149,32.6806,32.2842,0.39639999999999986,1.2278,208170.41,754905.724,32.1364,248924.51,30.7929,248258.261,,,43
44,600104.SH,20180312,32.7887,33.879,32.7617,33.4645,32.6806,0.7839000000000027,2.3987,244739.17,911601.574,32.4878,245389.386,30.9277,247511.849,,,44
45,600104.SH,20180313,33.4825,33.9331,33.1852,33.2663,33.4645,-0.19819999999999993,-0.5923,222663.56,827900.497,32.8194,252139.036,31.0524,231100.9505,,,45
46,600104.SH,20180314,33.1582,33.7889,33.005,33.2212,33.2663,-0.04509999999999792,-0.1356,167743.39,620348.922,32.9834,221045.322,31.1804,222725.7625,,,46
47,600104.SH,20180315,33.0861,33.4195,32.978,33.1311,33.2212,-0.09009999999999962,-0.2712,111955.86,412052.359,33.1527,191054.478,31.3579,210139.4745,,,47
48,600104.SH,20180316,33.1311,33.5907,32.9329,33.1852,33.1311,0.05409999999999826,0.1633,182634.67,674722.888,33.2537,185947.33,31.575,201030.8225,,,48
49,600104.SH,20180319,33.023,33.6718,32.5365,33.6267,33.1852,0.4414999999999978,1.3304,167783.95,617043.241,33.2861,170556.286,31.8003,200917.8165,,,49
50,600104.SH,20180320,33.3384,33.861,33.2303,33.2753,33.6267,-0.35139999999999816,-1.045,125322.08,465918.87,33.2879,151087.99,31.981,199079.787,,,50
51,600104.SH,20180321,33.3113,33.5006,32.2661,32.5995,33.2753,-0.6758000000000024,-2.0309,222924.51,810764.585,33.1636,162124.214,32.1148,204150.2075,,,51
52,600104.SH,20180322,32.8428,32.8428,31.9418,32.3923,32.5995,-0.20720000000000027,-0.6356,221868.16,795191.044,33.0158,184106.674,32.2017,205458.0805,,,52
53,600104.SH,20180323,31.5543,32.0589,31.248,32.0319,32.3923,-0.3603999999999985,-1.1126,392905.27,1377979.994,32.7851,226160.794,32.2684,216306.762,,,53
54,600104.SH,20180326,31.7075,31.7165,30.437,30.7164,32.0319,-1.3155000000000001,-4.1068,389603.37,1330803.114,32.2031,270524.678,32.2508,225712.14,,,54
55,600104.SH,20180327,31.0407,31.257,29.9144,30.2298,30.7164,-0.48659999999999926,-1.5842,343050.99,1163288.596,31.594,314070.46,32.213,231533.296,,,55
56,600104.SH,20180328,29.9595,30.0856,29.0044,29.3197,30.2298,-0.9100999999999999,-3.0106,335805.61,1099034.98,30.938,336646.68,32.1634,240767.7185,,,56
57,600104.SH,20180329,29.3738,29.9144,28.8332,29.6802,29.3197,0.36049999999999827,1.2295,307963.09,1007490.619,30.3956,353865.666,32.1188,248847.011,,,57
58,600104.SH,20180330,29.9144,30.7704,29.8694,30.6443,29.6802,0.964100000000002,3.2483,249945.66,844566.829,30.1181,325273.744,32.0733,246576.5945,,,58
59,600104.SH,20180402,30.6533,30.9777,30.1397,30.6263,30.6443,-0.018000000000000682,-0.0587,194478.31,661042.029,30.1001,286248.732,32.0193,243179.7705,30.8227,278369.1858,59
60,600104.SH,20180403,30.2298,30.437,29.7342,29.8333,30.6263,-0.7929999999999993,-2.5893,219862.52,731223.432,30.0208,261611.038,31.9305,244727.131,30.8428,278264.9767,60
61,600104.SH,20180404,30.1397,30.7524,29.9685,30.5452,29.8333,0.7119,2.3863,221983.07,751153.844,30.2659,238846.53,31.8377,239665.6865,30.8784,276734.7785,61
62,600104.SH,20180409,30.6263,30.8966,30.365,30.6803,30.5452,0.13509999999999778,0.4423,147727.13,503343.987,30.4659,206799.338,31.7575,233956.539,30.9147,275236.8462,62
63,600104.SH,20180410,30.6803,30.7884,29.9595,30.6082,30.6803,-0.07209999999999894,-0.235,300584.31,1009011.066,30.4587,216927.068,31.6539,238577.234,30.9455,276530.7398,63
64,600104.SH,20180411,30.5452,30.5452,29.6892,29.7793,30.6082,-0.8289000000000009,-2.7081,344165.67,1142415.14,30.2893,246864.54,31.4696,243548.559,30.9551,276107.534,64
65,600104.SH,20180412,29.8153,29.9595,29.2837,29.6892,29.7793,-0.09009999999999962,-0.3026,228818.24,750287.387,30.2604,248655.684,31.2908,243856.293,30.9628,276010.7673,65
66,600104.SH,20180413,29.7252,29.8694,29.554,29.6982,29.6892,0.009000000000000341,0.0303,122472.69,404043.66,30.091,228753.608,31.1146,241592.758,30.9491,269589.3162,66
67,600104.SH,20180416,29.7342,29.7793,29.0224,29.2657,29.6982,-0.432500000000001,-1.4563,151567.41,492475.54,29.8081,229521.664,30.9214,243573.3355,30.9289,268057.0693,67
68,600104.SH,20180417,29.2657,29.3648,28.2205,28.2655,29.2657,-1.0001999999999995,-3.4177,173208.57,552506.17,29.3396,204046.516,30.6754,243102.0305,30.8907,267587.9588,68
69,600104.SH,20180418,28.5989,28.635,27.0401,28.2475,28.2655,-0.018000000000000682,-0.0637,355115.39,1093077.807,29.0332,206236.46,30.4064,252468.6025,30.8584,267962.172,69
70,600104.SH,20180419,28.0132,28.8332,27.9862,28.7881,28.2475,0.5406000000000013,1.9138,199750.3,632673.309,28.853,200422.872,30.182,256190.0135,30.8529,261665.8437,70
71,600104.SH,20180420,28.644,28.8873,28.1033,28.7341,28.7881,-0.053999999999998494,-0.1876,170894.01,540926.607,28.6602,210107.136,29.9888,253588.4885,30.8433,257720.4398,71
72,600104.SH,20180423,28.3556,28.7971,27.9772,28.3196,28.7341,-0.4145000000000003,-1.4425,145479.99,457335.245,28.471,208889.652,29.7851,249769.08,30.8267,253650.8662,72
73,600104.SH,20180424,28.1664,29.0134,28.1664,28.7971,28.3196,0.47749999999999915,1.6861,196058.91,626935.929,28.5773,213459.72,29.6234,239926.762,30.8137,251125.9288,73
74,600104.SH,20180425,28.5449,28.9864,28.5449,28.7521,28.7971,-0.045000000000001705,-0.1563,97879.39,312626.389,28.6782,162012.52,29.5252,225340.563,30.786,246707.5025,74
75,600104.SH,20180426,29.0404,29.0584,28.1304,28.4457,28.7521,-0.3064,-1.0657,141958.79,448464.454,28.6097,150454.218,29.436,215285.953,30.75,243043.9172,75
76,600104.SH,20180427,28.5629,28.8782,27.9592,28.7701,28.4457,0.3244000000000007,1.1404,191447.42,604540.671,28.6169,154564.9,29.4085,208068.0435,30.7195,241583.9282,76
77,600104.SH,20180502,28.9053,29.6621,28.8332,29.509,28.7701,0.738900000000001,2.5683,175250.48,571717.843,28.8548,160518.998,29.3999,201432.413,30.6875,236432.8617,77
78,600104.SH,20180503,29.6261,30.0226,29.3468,29.8424,29.509,0.33340000000000103,1.1298,161795.66,533240.914,29.0639,153666.348,29.3598,197024.913,30.6596,233906.9075,78
79,600104.SH,20180504,29.8243,29.8243,29.4279,29.4369,29.8424,-0.40549999999999997,-1.3588,95316.72,312707.123,29.2008,153153.814,29.3004,192066.8335,30.6327,229374.4095,79
80,600104.SH,20180507,29.6531,30.0045,29.4279,29.8243,29.4369,0.3873999999999995,1.316,103934.44,343038.107,29.4765,145548.944,29.2999,186270.4295,30.6129,228065.707,80
81,600104.SH,20180508,30.0496,30.7704,30.0496,30.6893,29.8243,0.8649999999999984,2.9003,227407.43,771023.111,29.8604,152740.946,29.3071,186541.6475,30.6079,228165.6282,81
82,600104.SH,20180509,30.6353,31.1849,30.6353,30.9867,30.6893,0.29739999999999966,0.9691,164326.8,565058.542,30.1559,150556.21,29.3225,187371.631,30.6007,223256.3787,82
83,600104.SH,20180510,31.1759,31.3831,30.8425,31.3561,30.9867,0.3694000000000024,1.1921,111617.92,386460.695,30.4587,140520.662,29.3598,177923.3115,30.6022,221586.2688,83
84,600104.SH,20180511,31.3921,31.4462,31.0407,31.1849,31.3561,-0.17120000000000246,-0.546,111966.17,387511.341,30.8083,143850.552,29.4301,166313.3365,30.6091,219124.5815,84
85,600104.SH,20180514,31.2209,31.9778,31.2209,31.7165,31.1849,0.531600000000001,1.7047,120107.66,423455.562,31.1867,147085.196,29.5315,160877.8075,30.6249,211945.017,85
86,600104.SH,20180515,31.8427,32.0319,31.3561,31.5453,31.7165,-0.1711999999999989,-0.5398,178029.86,623364.395,31.3579,137209.682,29.6238,163655.666,30.6396,209324.7288,86
87,600104.SH,20180516,31.4642,31.6985,30.9686,31.0678,31.5453,-0.4775000000000027,-1.5137,147871.2,511022.378,31.3741,133918.562,29.714,163470.8555,30.6644,205727.8885,87
88,600104.SH,20180517,31.1308,31.3381,30.9867,31.0768,31.0678,0.009000000000000341,0.029,120787.67,417273.64,31.3183,135752.512,29.8545,160849.8105,30.7016,201660.8878,88
89,600104.SH,20180518,31.1128,31.5093,30.7254,31.4912,31.0768,0.41440000000000055,1.3335,132320.38,457231.348,31.3795,139823.354,30.0167,149710.06,30.7411,201032.1597,89
90,600104.SH,20180521,31.5363,32.0769,31.0137,31.0858,31.4912,-0.4054000000000002,-1.2873,143918.66,503612.843,31.2534,144585.554,30.1316,146918.478,30.7649,200729.4262,90
91,600104.SH,20180522,31.266,31.4822,31.1579,31.3291,31.0858,0.2433000000000014,0.7827,99523.79,346407.778,31.2101,128884.34,30.2613,143349.967,30.7883,200362.8877,91
92,600104.SH,20180523,30.6443,31.8517,30.6443,31.4102,31.3291,0.08109999999999928,0.2589,178488.52,623473.069,31.2786,135007.804,30.4159,145000.3935,30.8009,200075.8513,92
93,600104.SH,20180524,31.3471,31.4552,30.6353,30.7434,31.4102,-0.6667999999999985,-2.1229,122416.26,419815.502,31.2119,135333.522,30.5132,141318.261,30.8017,199183.9283,93
94,600104.SH,20180525,30.9326,31.5003,30.7344,31.1939,30.7434,0.4504999999999981,1.4654,137720.42,477404.458,31.1525,136413.53,30.6353,143310.3125,30.8038,198121.0052,94
95,600104.SH,20180528,31.2029,31.8517,31.1939,31.8246,31.1939,0.6307000000000009,2.0219,139120.42,488030.868,31.3002,135453.882,30.8042,143168.394,30.8177,196662.5477,95
96,600104.SH,20180529,31.8246,32.4644,31.5183,32.14,31.8246,0.31540000000000035,0.9911,187922.68,669232.694,31.4624,153133.66,30.9727,142992.157,30.8482,197275.973,96
97,600104.SH,20180530,31.8427,32.4013,31.5453,31.7616,32.14,-0.3783999999999992,-1.1773,156228.24,552637.749,31.5327,148681.604,31.0853,142041.045,30.868,197440.1563,97
98,600104.SH,20180531,32.0319,33.05,31.9688,32.6626,31.7616,0.9009999999999962,2.8368,262645.18,953518.606,31.9165,176727.388,31.2264,147083.521,30.8865,196895.0095,98
99,600104.SH,20180601,32.6716,32.7887,31.7796,32.14,32.6626,-0.5225999999999971,-1.6,146862.04,524342.471,32.1058,178555.712,31.3615,149660.787,30.8937,194969.1303,99
100,600104.SH,20180604,32.3022,32.7076,32.2301,32.6175,32.14,0.47749999999999915,1.4857,117664.57,424673.878,32.2643,174264.542,31.5012,150347.2935,30.9105,193781.618,100
101,600104.SH,20180605,32.5274,32.7076,31.9958,32.6536,32.6175,0.03609999999999758,0.1107,110147.06,395948.781,32.3671,158709.418,31.5994,144484.275,30.9147,190230.5363,101
102,600104.SH,20180606,32.5815,32.6626,32.2121,32.4283,32.6536,-0.22529999999999717,-0.69,90326.12,325034.496,32.5004,145528.994,31.6715,140784.241,30.9171,187370.8037,102
103,600104.SH,20180607,32.4013,32.4373,31.9868,32.0679,32.4283,-0.3603999999999985,-1.1114,112003.44,399918.243,32.3815,115400.646,31.7071,140803.517,30.9069,185768.0208,103
104,600104.SH,20180608,32.3562,32.7797,32.176,32.4734,32.0679,0.4054999999999964,1.2645,177504.22,640459.927,32.4481,121529.082,31.7715,144080.4195,30.8904,184647.4383,104
105,600104.SH,20180611,32.2752,32.7978,32.1941,32.7887,32.4734,0.3153000000000006,0.9709,129992.33,470051.132,32.4824,123994.634,31.8251,144574.653,30.8824,183102.9178,105
106,600104.SH,20180612,32.8428,33.3204,32.4914,33.0861,32.7887,0.2974000000000032,0.907,156620.45,572643.016,32.5689,133289.312,31.9021,143504.1825,30.8802,182917.5355,106
107,600104.SH,20180613,33.0681,33.1492,32.7617,33.023,33.0861,-0.0630999999999986,-0.1907,97605.19,356861.039,32.6878,134745.126,31.9999,140990.882,30.8784,182678.3577,107
108,600104.SH,20180614,32.8428,33.1311,32.4914,33.0861,33.023,0.0630999999999986,0.1911,152539.05,555300.663,32.8915,142852.248,32.1004,142578.451,30.8767,182176.764,108
109,600104.SH,20180615,33.1311,33.1311,32.2301,32.9149,33.0861,-0.1711999999999989,-0.5174,207097.66,750603.687,32.9798,148770.936,32.1715,146317.315,30.8649,182831.9925,109
110,600104.SH,20180619,32.4824,33.2843,32.0589,33.1582,32.9149,0.24329999999999785,0.7392,470243.92,1715184.087,33.0537,216821.254,32.2752,162633.578,30.8629,188580.6898,110
111,600104.SH,20180620,32.8698,33.041,31.8967,32.3743,33.1582,-0.7839000000000027,-2.3641,186367.93,670614.296,32.9113,222770.75,32.3274,166975.785,30.8592,187971.4135,111
112,600104.SH,20180621,32.2661,32.4824,32.122,32.2752,32.3743,-0.09909999999999997,-0.3061,169182.58,606313.586,32.7617,237086.228,32.3707,166510.488,30.8572,187093.3205,112
113,600104.SH,20180622,32.1941,32.3022,31.6805,31.7706,32.2752,-0.5045999999999964,-1.5634,110184.42,390467.964,32.4986,228615.302,32.422,165898.896,30.8529,182381.3063,113
114,600104.SH,20180625,31.7706,31.9418,31.311,31.6715,31.7706,-0.09909999999999997,-0.3119,167142.7,587627.239,32.25,220624.31,32.4459,167370.01,30.8688,178673.6285,114
115,600104.SH,20180626,31.7616,31.9147,31.1759,31.6715,31.6715,0.0,0.0,171462.1,600276.408,31.9526,160867.946,32.4383,168987.094,30.8928,175813.8137,115
116,600104.SH,20180627,31.7616,32.2752,31.5183,31.7525,31.6715,0.08099999999999952,0.2558,192885.72,682799.366,31.8283,162171.504,32.4189,169235.246,30.9334,173431.8155,116
117,600104.SH,20180628,31.4372,31.7165,30.5181,30.5902,31.7525,-1.1623000000000019,-3.6605,195442.19,675661.182,31.4913,167423.426,32.3603,171195.9435,30.9485,171556.4672,117
118,600104.SH,20180629,30.8515,31.5363,30.4911,31.5273,30.5902,0.9371000000000009,3.0634,169101.95,582076.177,31.4426,179206.932,32.3035,166518.782,30.9632,170209.072,118
119,600104.SH,20180702,31.5363,31.5633,29.1666,30.1307,31.5273,-1.3965999999999994,-4.4298,197171.28,663888.196,31.1344,185212.648,32.2031,169034.244,30.955,170253.9548,119
120,600104.SH,20180703,29.6892,30.2028,29.0404,29.5811,30.1307,-0.5496000000000016,-1.8241,188467.89,619284.484,30.7164,188613.806,32.0513,172574.41,30.9508,169730.711,120
121,600104.SH,20180704,29.509,29.9325,29.4099,29.5811,29.5811,0.0,0.0,131467.0,433313.564,30.2821,176330.062,31.8976,173640.407,30.9347,168222.1098,121
122,600104.SH,20180705,29.7793,30.2388,29.3288,30.0316,29.5811,0.4505000000000017,1.5229,190189.44,629468.411,30.1704,175279.512,31.7778,178633.573,30.9239,168929.815,122
123,600104.SH,20180706,30.0946,30.5992,29.7883,30.383,30.0316,0.35139999999999816,1.1701,130801.5,439111.858,29.9415,167619.422,31.6936,179573.476,30.9201,166100.1015,123
124,600104.SH,20180709,30.392,31.1489,30.392,31.0678,30.383,0.6847999999999992,2.2539,154861.77,532782.747,30.1289,159157.52,31.6233,178441.3535,30.9416,162945.0365,124
125,600104.SH,20180710,31.2209,31.6174,30.9416,31.2119,31.0678,0.14410000000000167,0.4638,130418.6,453049.479,30.4551,147547.662,31.5444,178462.667,30.967,161305.0425,125
126,600104.SH,20180711,30.8605,31.311,30.7614,31.248,31.2119,0.03610000000000113,0.1157,88813.76,306477.874,30.7885,139017.014,31.4525,175072.3325,30.9928,160744.0603,126
127,600104.SH,20180712,31.284,31.9237,30.9596,30.9867,31.248,-0.2613000000000021,-0.8362,258130.58,897506.916,30.9795,152605.242,31.3507,183098.602,31.0215,162520.1132,127
128,600104.SH,20180713,31.1489,31.6174,31.1128,31.5633,30.9867,0.5766000000000027,1.8608,140550.34,489905.636,31.2155,154555.01,31.2746,182499.1665,31.0765,161975.8093,128
129,600104.SH,20180716,31.6534,32.104,31.293,31.5814,31.5633,0.018099999999996896,0.0573,165701.17,580534.352,31.3183,156722.89,31.2079,180429.342,31.132,158818.9057,129
130,600104.SH,20180717,31.3707,31.4562,30.9714,31.0665,31.5798,-0.5132999999999974,-1.6254,155090.95,508569.587,31.2892,161657.36,31.1033,164671.6935,31.17,158074.5832,130
131,600104.SH,20180718,30.9904,31.2756,30.7623,30.9999,31.0665,-0.0666000000000011,-0.2144,105944.82,345718.606,31.2396,165083.572,31.0346,160650.538,31.2078,156992.0967,131
132,600104.SH,20180719,31.114,31.133,29.9923,30.2299,30.9999,-0.7699999999999996,-2.4839,128804.45,413473.323,31.0882,139218.346,30.9323,158631.6315,31.2396,156714.171,132
133,600104.SH,20180720,30.344,30.9049,30.0398,30.8003,30.2299,0.5703999999999994,1.8869,115538.95,371239.59,30.9356,134216.068,30.8838,158899.358,31.273,155372.1717,133
134,600104.SH,20180723,30.9429,31.2186,30.8383,30.9904,30.8003,0.19010000000000105,0.6172,136018.13,443826.188,30.8174,128279.46,30.8498,157343.1295,31.3103,156007.8173,134
135,600104.SH,20180724,31.0855,31.3517,30.7908,30.9619,30.9904,-0.02850000000000108,-0.092,202707.64,660785.11,30.7965,137802.798,30.8143,158905.4065,31.3522,157020.2982,135
136,600104.SH,20180725,31.0855,31.2376,30.8383,31.1235,30.9619,0.16159999999999997,0.5219,108379.27,354121.936,30.8212,138289.688,30.7828,154680.084,31.3915,155635.829,136
137,600104.SH,20180726,31.1235,31.1806,30.382,30.5531,31.1235,-0.5703999999999994,-1.8327,131486.23,424647.971,30.8858,138826.044,30.781,151482.286,31.4089,154906.4248,137
138,600104.SH,20180727,30.4105,30.5151,29.593,29.6405,30.5531,-0.9126000000000012,-2.9869,212314.65,667660.957,30.6539,158181.184,30.6866,153642.921,31.4055,155748.408,138
139,600104.SH,20180730,29.6596,30.1254,29.574,30.1159,29.6405,0.4754000000000005,1.6039,113041.71,355843.4,30.479,153585.9,30.6859,149436.4425,31.4168,156043.8245,139
140,600104.SH,20180731,30.0493,30.3915,29.5265,30.306,30.1159,0.19010000000000105,0.6312,131174.99,414195.294,30.3478,139279.37,30.7221,146571.7975,31.4249,156497.8337,140
141,600104.SH,20180801,30.4486,30.5912,29.7926,29.8212,30.306,-0.4847999999999999,-1.5997,129676.62,411865.161,30.0873,143538.84,30.7341,146482.2785,31.4104,154868.9868,141
142,600104.SH,20180802,29.8307,29.9447,28.4427,28.861,29.8212,-0.9602000000000004,-3.2199,182709.33,558210.302,29.7489,153783.46,30.6756,146108.273,31.375,155175.3623,142
143,600104.SH,20180803,28.6709,28.8325,27.5777,27.6347,28.861,-1.226300000000002,-4.249,213250.46,628568.285,29.3478,153970.622,30.5382,150230.721,31.3129,156869.238,143
144,600104.SH,20180806,27.8439,28.1576,27.5967,27.9009,27.6347,0.2662000000000013,0.9633,140422.03,411493.249,28.9048,159446.686,30.3799,149508.734,31.2582,157343.5023,144
145,600104.SH,20180807,28.091,28.6424,27.8153,28.5378,27.9009,0.6369000000000007,2.2827,137752.74,407442.452,28.5511,160762.236,30.2461,149875.441,31.2052,157637.587,145
146,600104.SH,20180808,28.4142,28.5948,27.4541,27.6062,28.5378,-0.9315999999999995,-3.2644,152788.68,447967.772,28.1081,165384.648,30.0641,153074.187,31.1396,157216.9007,146
147,600104.SH,20180809,27.4351,28.5663,27.4066,28.5188,27.6062,0.9125999999999976,3.3058,148523.14,441645.637,28.0397,158547.41,29.9407,147593.815,31.0971,157227.7663,147
148,600104.SH,20180810,28.5663,28.6899,28.2811,28.5093,28.5188,-0.009499999999999176,-0.0333,76963.06,230311.47,28.2146,131289.93,29.788,144414.451,31.0543,156497.3562,148
149,600104.SH,20180813,28.3002,28.3097,27.6252,28.1576,28.5093,-0.351700000000001,-1.2336,110051.64,323566.722,28.2659,125215.852,29.6168,141631.9745,30.9987,156126.2105,149
150,600104.SH,20180814,28.091,28.4332,27.9579,28.4142,28.1576,0.2566000000000024,0.9113,86540.13,257072.196,28.2412,114973.33,29.4842,138204.4335,30.9542,155169.9017,150
151,600104.SH,20180815,28.2431,28.3287,27.4256,27.7298,28.4142,-0.6844000000000001,-2.4087,147784.71,430779.219,28.2659,113972.536,29.3207,140296.428,30.8942,155974.2503,151
152,600104.SH,20180816,27.4541,27.7108,26.8457,26.9408,27.7298,-0.7890000000000015,-2.8453,155021.37,442570.337,27.9503,115272.182,29.1562,141607.274,30.8197,155583.1312,152
153,600104.SH,20180817,27.1404,27.2735,26.6271,26.6461,26.9408,-0.29469999999999885,-1.0939,81907.51,232557.19,27.5777,116261.072,28.9485,139925.702,30.7514,154907.9853,153
154,600104.SH,20180820,26.8932,26.9027,26.1422,26.7126,26.6461,0.06649999999999778,0.2496,127885.42,356364.807,27.2887,119827.828,28.7346,139519.0665,30.6768,154744.0687,154
155,600104.SH,20180821,26.7031,27.2355,26.7031,27.0453,26.7126,0.33270000000000266,1.2455,91190.16,259235.128,27.0149,120757.834,28.5388,133943.1925,30.5971,153945.231,155
156,600104.SH,20180822,27.0548,27.1499,26.7601,27.1404,27.0453,0.09509999999999863,0.3516,70150.65,198956.293,26.897,105231.022,28.3396,132031.7615,30.5138,151982.3638,156
157,600104.SH,20180823,27.0834,27.3115,26.7411,26.8742,27.1404,-0.2662000000000013,-0.9808,96208.77,272798.157,26.8837,93468.502,28.1557,130267.8885,30.4323,150982.0393,157
158,600104.SH,20180824,26.8742,27.1024,26.7126,26.9693,26.8742,0.09510000000000218,0.3539,71612.4,202801.313,26.9484,91409.48,28.0221,123232.776,30.3374,147798.1597,158
159,600104.SH,20180827,27.0929,27.8343,26.9883,27.7108,26.9693,0.7414999999999985,2.7494,143740.13,415346.251,27.148,94580.422,27.9018,124767.697,30.2636,147746.1278,159
160,600104.SH,20180828,27.7013,27.9579,27.359,27.4446,27.7108,-0.26619999999999777,-0.9606,112849.55,327537.291,27.2279,98912.3,27.7588,123851.425,30.1774,147665.8775,160
161,600104.SH,20180829,27.3305,27.5111,27.0073,27.0929,27.4446,-0.351700000000001,-1.2815,97176.39,278218.927,27.2184,104317.448,27.6224,122226.4135,30.0847,147449.6997,161
162,600104.SH,20180830,27.0929,27.3971,27.0929,27.2069,27.0929,0.11400000000000077,0.4208,90193.83,258293.03,27.2849,103114.46,27.5397,117600.6385,29.9977,147447.4948,162
163,600104.SH,20180831,27.3685,27.8724,27.245,27.7108,27.2069,0.503899999999998,1.8521,204159.34,594764.603,27.4332,129623.848,27.5435,117146.0825,29.9251,148983.4265,163
164,600104.SH,20180903,27.5682,27.8343,27.359,27.6252,27.7108,-0.08559999999999945,-0.3089,105699.21,306319.595,27.4161,122015.664,27.5297,115409.9415,29.8443,147786.6763,164
165,600104.SH,20180904,27.4921,27.7583,27.2355,27.6157,27.6252,-0.009499999999999176,-0.0344,89487.49,259057.0,27.4503,117343.252,27.4836,112996.679,29.7581,147111.5957,165
166,600104.SH,20180905,27.378,27.5967,26.6746,26.6936,27.6157,-0.9221000000000004,-3.339,104547.66,297786.222,27.3704,118817.506,27.4379,110584.628,29.6515,146243.7158,166
167,600104.SH,20180906,26.7031,27.0929,26.6936,26.8837,26.6936,0.19010000000000105,0.7122,109694.69,311193.578,27.3058,122717.678,27.3562,108643.2055,29.5492,146445.2075,167
168,600104.SH,20180907,27.0263,27.4256,26.8457,27.0073,26.8837,0.12359999999999971,0.4598,77865.37,222294.89,27.1651,97458.884,27.2811,108688.321,29.4479,145200.6462,168
169,600104.SH,20180910,26.9598,27.283,26.8552,27.0453,27.0073,0.038000000000000256,0.1407,75983.52,215954.049,27.0491,91515.746,27.2255,106984.915,29.35,143015.4105,169
170,600104.SH,20180911,27.0358,27.0453,26.551,26.8837,27.0453,-0.16159999999999997,-0.5975,90389.05,254617.903,26.9027,91696.058,27.1489,107177.361,29.2455,136684.496,170
171,600104.SH,20180912,26.6651,27.0738,26.589,26.8362,26.8837,-0.04749999999999943,-0.1767,60301.55,170097.125,26.9312,82846.836,27.1043,102803.203,29.1532,134583.3897,171
172,600104.SH,20180913,27.0738,27.378,26.8362,27.378,26.8362,0.5417999999999985,2.0189,100421.33,287061.336,27.0301,80992.164,27.1261,100073.201,29.0716,133437.3688,172
173,600104.SH,20180914,27.1879,28.0435,27.1879,27.9009,27.378,0.5228999999999999,1.9099,168811.68,494162.651,27.2088,99181.426,27.1889,104418.4095,29.0071,134414.4898,173
174,600104.SH,20180917,27.8724,28.0625,27.5206,27.8724,27.9009,-0.02850000000000108,-0.1021,65708.4,192302.543,27.3742,97126.402,27.2469,101309.5585,28.9437,132723.9182,174
175,600104.SH,20180918,27.6442,28.1481,27.6442,28.11,27.8724,0.23760000000000048,0.8525,98662.99,289607.966,27.6195,98781.19,27.3001,101683.2,28.8844,131510.5997,175
176,600104.SH,20180919,28.1671,28.7184,27.9199,28.3762,28.11,0.2662000000000013,0.947,176711.41,525765.1,27.9275,122063.162,27.3619,107011.238,28.8281,131241.0278,176
177,600104.SH,20180920,28.3762,28.5188,27.9389,28.2051,28.3762,-0.17109999999999914,-0.603,88497.1,262479.373,28.0929,119678.316,27.4284,106625.6545,28.7884,129458.6097,177
178,600104.SH,20180921,28.2051,29.9923,28.2051,29.7356,28.2051,1.5305,5.4263,261503.54,807539.686,28.4599,138216.688,27.5667,116120.2115,28.7585,130998.6362,178
179,600104.SH,20180925,29.5265,30.0683,29.4409,29.8687,29.7356,0.13309999999999889,0.4476,150562.38,472518.098,28.8591,155187.484,27.6746,116461.324,28.7541,130221.8212,179
180,600104.SH,20180926,29.8307,30.6957,29.8307,30.1349,29.8687,0.26619999999999777,0.8912,292481.73,933458.696,29.2641,193951.232,27.8092,125442.933,28.7634,131955.3852,180
181,600104.SH,20180927,30.1824,30.1824,29.517,29.7641,30.1349,-0.37079999999999913,-1.2305,199973.12,626429.143,29.5417,198603.574,27.9427,130582.7695,28.7664,133097.1538,181
182,600104.SH,20180928,30.1159,31.6369,29.7926,31.6369,29.7641,1.8728000000000016,6.2921,345685.46,1114762.976,30.228,250041.246,28.1642,143357.351,28.7932,135688.7542,182
183,600104.SH,20181008,30.7052,30.7052,28.4713,28.5283,31.6369,-3.108599999999999,-9.8259,458869.27,1397769.981,29.9866,289514.392,28.2051,156092.8475,28.7623,141156.5503,183
184,600104.SH,20181009,28.4618,28.7755,28.4237,28.5663,28.5283,0.0379999999999967,0.1332,150292.94,452206.558,29.7261,289460.504,28.2521,158322.534,28.7206,141080.4032,184
185,600104.SH,20181010,28.4713,28.5188,27.321,27.9009,28.5663,-0.6653999999999982,-2.3293,237388.84,693104.395,29.2793,278441.926,28.2664,165717.6015,28.6654,142863.2405,185
186,600104.SH,20181011,26.9978,27.1594,26.608,27.0548,27.9009,-0.8460999999999999,-3.0325,213353.77,602864.578,28.7374,281118.056,28.2845,171157.907,28.5955,144938.9073,186
187,600104.SH,20181012,27.1119,27.8629,26.6556,26.9883,27.0548,-0.06650000000000134,-0.2458,347869.28,991549.605,27.8077,281554.82,28.2897,183066.6365,28.5288,146434.5523,187
188,600104.SH,20181015,26.9313,26.9313,25.4483,25.6669,26.9883,-1.3214000000000006,-4.8962,336866.93,916925.659,27.2354,257154.352,28.2227,196016.7145,28.4306,149706.4955,188
189,600104.SH,20181016,25.5528,25.8475,25.2391,25.8095,25.6669,0.14260000000000161,0.5556,179077.23,482232.336,26.6841,262911.21,28.1609,201171.4,28.3344,149929.4298,189
190,600104.SH,20181017,26.0282,26.4084,25.8095,26.3514,25.8095,0.5419000000000018,2.0996,188485.64,516907.129,26.3742,253130.57,28.1343,206076.2295,28.2558,150486.008,190
191,600104.SH,20181018,26.3419,26.6556,25.9046,26.1517,26.3514,-0.1997,-0.7578,150945.5,418008.323,26.1936,240648.916,28.1,210608.427,28.175,151236.0193,191
192,600104.SH,20181019,26.2278,27.0738,25.7715,26.7696,26.1517,0.6178999999999988,2.3628,261788.23,729907.747,26.1498,223432.706,28.0696,218676.772,28.1173,153452.4157,192
193,600104.SH,20181022,26.7696,27.7488,26.7696,27.4351,26.7696,0.665499999999998,2.486,245140.89,706501.528,26.5035,205087.498,28.0463,222493.2325,28.0612,155612.448,193
194,600104.SH,20181023,27.5682,27.6442,26.3324,26.4084,27.4351,-1.0266999999999982,-3.7423,147588.5,418341.546,26.6232,198789.752,27.9731,226587.2375,27.9849,155805.2875,194
195,600104.SH,20181024,26.7126,26.9313,26.1898,26.2658,26.4084,-0.14260000000000161,-0.54,165959.74,462701.62,26.6061,194284.572,27.8809,229952.075,27.9066,155192.8225,195
196,600104.SH,20181025,26.1422,26.4559,25.5814,26.0757,26.2658,-0.1900999999999975,-0.7238,153842.78,420979.788,26.5909,194864.028,27.7659,228808.6435,27.8225,155950.5477,196
197,600104.SH,20181026,26.1612,26.7126,26.1327,26.1612,26.0757,0.08549999999999969,0.3279,132500.45,368199.656,26.4692,169006.472,27.6637,231008.811,27.7493,155967.4513,197
198,600104.SH,20181029,26.4274,26.5035,25.2011,25.7525,26.1612,-0.4086999999999996,-1.5622,177362.8,480188.368,26.1327,155450.854,27.4645,226801.774,27.6845,155384.9205,198
199,600104.SH,20181030,26.5035,26.9978,25.9236,26.0662,25.7525,0.3136999999999972,1.2181,270945.43,749429.309,26.0643,180122.24,27.2744,232820.9265,27.617,158016.6492,199
200,600104.SH,20181031,25.9806,26.2373,25.5623,25.7715,26.0662,-0.29469999999999885,-1.1306,233787.41,633490.375,25.9654,193687.774,27.0563,229886.2105,27.5414,159726.8562,200
201,600104.SH,20181101,25.9236,26.7601,25.7905,26.0757,25.7715,0.3042000000000016,1.1804,252489.6,696426.056,25.9654,213417.138,26.8718,232512.0345,27.479,161773.7392,201
202,600104.SH,20181102,26.6936,26.7792,26.3609,26.7126,26.0757,0.6368999999999971,2.4425,250922.19,701125.555,26.0757,237101.486,26.6256,227773.871,27.4432,162910.6202,202
203,600104.SH,20181105,26.6175,26.7982,26.1993,26.3324,26.7126,-0.38019999999999854,-1.4233,198741.6,553021.485,26.1917,241377.246,26.5158,214767.4875,27.4215,162668.8058,203
204,600104.SH,20181106,26.5035,26.5035,25.8761,26.1898,26.3324,-0.14259999999999806,-0.5415,111102.17,305032.403,26.2164,209408.594,26.397,212807.949,27.3929,162180.1415,204
205,600104.SH,20181107,26.1993,26.2753,25.5909,25.6859,26.1898,-0.5039000000000016,-1.924,203667.31,552588.839,26.1993,203384.574,26.2862,211121.8725,27.3454,163278.7177,205
206,600104.SH,20181108,25.857,25.9996,25.6384,25.857,25.6859,0.17109999999999914,0.6661,143032.21,388462.745,26.1555,181493.096,26.2264,207605.7945,27.3163,163116.1098,206
207,600104.SH,20181109,25.6669,26.0472,25.6099,25.8761,25.857,0.01910000000000167,0.0739,102651.21,279257.675,25.9882,151838.9,26.1707,195344.891,27.2722,162351.5777,207
208,600104.SH,20181112,25.6669,26.0662,25.6384,25.9996,25.8761,0.12349999999999994,0.4773,117744.37,321315.979,25.9217,135639.454,26.1874,184388.763,27.2304,163031.2662,208
209,600104.SH,20181113,25.7049,26.2658,25.6764,26.1137,25.9996,0.11410000000000053,0.4389,112021.0,306559.177,25.9065,135823.22,26.2026,181035.9515,27.1963,163064.0888,209
210,600104.SH,20181114,26.1137,26.1422,25.6289,25.6574,26.1137,-0.45630000000000237,-1.7474,134448.76,364930.106,25.9008,121979.51,26.1679,178334.1075,27.1504,163862.566,210
211,600104.SH,20181115,25.7145,25.762,25.2486,25.3817,25.6574,-0.2757000000000005,-1.0745,271842.18,725277.895,25.8057,147741.504,26.1294,184378.9415,27.1112,165930.1905,211
212,600104.SH,20181116,25.3912,25.3912,24.7733,24.8114,25.3817,-0.5702999999999996,-2.2469,345939.88,908778.415,25.5928,196399.238,26.0315,188586.524,27.0757,169112.1657,212
213,600104.SH,20181119,24.9349,24.9539,24.2505,24.4786,24.8114,-0.3327999999999989,-1.3413,290139.69,748695.794,25.2886,230878.302,25.8837,190836.464,27.0396,172582.702,213
214,600104.SH,20181120,24.4786,24.6402,24.26,24.4121,24.4786,-0.06650000000000134,-0.2717,193365.72,496474.786,24.9482,247147.246,25.7838,193125.325,27.0013,173674.0403,214
215,600104.SH,20181121,24.241,24.3551,23.9938,24.1649,24.4121,-0.24719999999999942,-1.0126,144701.82,367732.983,24.6497,249197.858,25.6788,192062.429,26.9533,174565.9013,215
216,600104.SH,20181122,24.241,24.5357,23.9748,24.4976,24.1649,0.3326999999999991,1.3768,181680.56,462772.683,24.4729,231165.534,25.5999,193454.318,26.9092,176424.7332,216
217,600104.SH,20181123,24.3836,24.3836,23.8227,23.8797,24.4976,-0.6178999999999988,-2.5223,158793.44,401250.344,24.2866,193736.246,25.4858,194768.9675,26.8593,177467.811,217
218,600104.SH,20181126,23.9653,23.9748,23.49,23.528,23.8797,-0.351700000000001,-1.4728,127223.99,316583.777,24.0965,161153.106,25.3746,192262.027,26.802,178394.6708,218
219,600104.SH,20181127,23.5755,23.6611,23.3379,23.3664,23.528,-0.16159999999999997,-0.6868,117228.6,289412.368,23.8873,145925.682,25.2396,184576.1855,26.7296,177952.812,219
220,600104.SH,20181128,23.452,23.7181,23.2618,23.6991,23.3664,0.33270000000000266,1.4238,140110.55,347354.949,23.7942,145007.428,25.136,179892.3425,26.6671,178407.162,220
221,600104.SH,20181129,23.7562,23.8322,23.528,23.6991,23.6991,0.0,0.0,105402.41,262402.601,23.6345,129751.798,25.0172,172537.983,26.6106,178544.2623,221
222,600104.SH,20181130,23.585,23.6706,23.4329,23.6231,23.6991,-0.07600000000000051,-0.3207,125927.93,311783.756,23.5831,123178.696,24.8627,166288.27,26.5508,179139.8307,222
223,600104.SH,20181203,24.0033,24.336,23.9083,24.1269,23.6231,0.5037999999999982,2.1327,315564.34,800921.467,23.7029,160846.766,24.7524,172129.407,26.4911,180996.5807,223
224,600104.SH,20181204,24.1459,24.1459,23.6326,23.8607,24.1269,-0.26619999999999777,-1.1033,148686.6,373896.344,23.8018,167138.366,24.6359,174008.6285,26.4284,181713.0372,224
225,600104.SH,20181205,23.509,23.8132,23.49,23.7562,23.8607,-0.10450000000000159,-0.438,147847.59,368194.559,23.8132,168685.774,24.5395,171217.6425,26.364,182685.7055,225
226,600104.SH,20181206,23.3094,23.6231,23.2999,23.4805,23.7562,-0.2757000000000005,-1.1605,163404.36,403070.508,23.7695,180286.164,24.4206,172236.25,26.3105,183666.6505,226
227,600104.SH,20181207,23.471,23.547,23.3474,23.4995,23.4805,0.019000000000001904,0.0809,74079.69,182903.516,23.7448,169916.516,24.3018,170807.674,26.2541,183073.0672,227
228,600104.SH,20181210,23.2999,23.4329,22.9386,23.1002,23.4995,-0.3993000000000002,-1.6992,152041.81,369732.151,23.5394,137212.01,24.1568,172522.546,26.189,184309.3412,228
229,600104.SH,20181211,23.0052,23.2523,23.0052,23.2523,23.1002,0.1521000000000008,0.6584,68244.94,166271.755,23.4177,121123.678,24.0138,170333.743,26.1257,184180.3648,229
230,600104.SH,20181212,23.4615,23.6421,23.3284,23.509,23.2523,0.2566999999999986,1.104,114809.49,284266.977,23.3683,114516.058,23.9063,169351.7795,26.0695,184587.3722,230
231,600104.SH,20181213,23.6041,23.7752,23.49,23.5755,23.509,0.06650000000000134,0.2829,204157.51,508073.137,23.3873,122666.688,23.816,165967.546,26.0152,186984.9715,231
232,600104.SH,20181214,23.4805,23.6231,23.3949,23.509,23.5755,-0.06650000000000134,-0.2821,198641.24,491824.977,23.3892,147578.998,23.7509,158602.614,25.9507,188621.97,232
233,600104.SH,20181217,23.509,24.0413,23.3854,23.8702,23.509,0.3612000000000002,1.5364,285843.55,717065.869,23.5432,174339.346,23.7205,158387.807,25.8835,190572.5012,233
234,600104.SH,20181218,23.6611,24.0509,23.6326,23.7657,23.8702,-0.10450000000000159,-0.4378,186734.52,468968.106,23.6459,198037.262,23.6882,158056.247,25.8151,192589.6032,234
235,600104.SH,20181219,23.8132,24.5262,23.8132,24.241,23.7657,0.4753000000000007,1.9999,362074.5,924618.479,23.7923,247490.264,23.692,168924.881,25.7506,196979.795,235
236,600104.SH,20181220,24.1459,24.5072,23.6421,24.1269,24.241,-0.11410000000000053,-0.4707,273445.14,688176.048,23.9026,261347.79,23.6734,173513.11,25.6797,198592.0238,236
237,600104.SH,20181221,24.1934,24.3836,23.8417,24.336,24.1269,0.2090999999999994,0.8667,204140.71,517889.0,24.068,262447.684,23.6963,175780.4735,25.6153,200519.4173,237
238,600104.SH,20181224,24.241,24.6022,23.9653,24.5832,24.336,0.24720000000000297,1.0158,215035.3,550107.141,24.2106,248286.034,23.749,180171.039,25.5294,199744.9467,238
239,600104.SH,20181225,24.6212,24.9539,24.2315,24.9444,24.5832,0.3612000000000002,1.4693,256302.94,663072.654,24.4463,262199.718,23.8279,187124.756,25.4473,201507.2893,239
240,600104.SH,20181226,24.973,25.5814,24.6783,25.4293,24.9444,0.48489999999999966,1.9439,425613.33,1126629.973,24.684,274907.484,23.9144,201399.895,25.3689,203726.1493,240
241,600104.SH,20181227,25.5814,26.5035,24.6878,25.819,25.4293,0.3896999999999977,1.5325,504596.0,1345797.374,25.0224,321137.656,24.0204,221359.5745,25.3031,208803.1973,241
242,600104.SH,20181228,25.3817,25.6194,24.7638,25.3532,25.819,-0.465799999999998,-1.8041,385227.95,1025008.079,25.2258,357355.104,24.1069,234324.5755,25.1984,209462.2388,242
243,600104.SH,20190102,25.0775,25.0775,23.7181,23.9938,25.3532,-1.3594000000000008,-5.3618,222217.05,566426.335,25.1079,358791.454,24.1003,229657.211,25.1228,205518.0352,243
244,600104.SH,20190103,24.0033,24.241,23.5375,23.5565,23.9938,-0.43730000000000047,-1.8226,202232.36,506290.542,24.8304,347977.338,24.0851,232334.499,25.0393,206383.6922,244
245,600104.SH,20190104,23.2999,23.6991,23.1097,23.528,23.5565,-0.02850000000000108,-0.121,288076.6,709513.544,24.4501,320469.992,24.0737,239345.9495,24.9665,207228.4882,245
246,600104.SH,20190107,23.5755,23.8037,23.3854,23.3854,23.528,-0.14259999999999806,-0.6061,288675.98,715197.833,23.9634,277285.988,24.0689,245609.5305,24.9053,208483.8583,246
247,600104.SH,20190108,23.3759,23.3759,23.0337,23.1002,23.3854,-0.2851999999999997,-1.2196,208636.59,507409.977,23.5128,241967.716,24.0489,252337.3755,24.8405,206163.3135,247
248,600104.SH,20190109,23.7562,24.7828,23.7467,23.9558,23.1002,0.855599999999999,3.7039,766754.81,1958685.686,23.5052,350875.268,24.0917,283073.0255,24.812,213328.1115,248
249,600104.SH,20190110,24.0033,24.0413,23.5565,23.6136,23.9558,-0.3421999999999983,-1.4285,341056.52,850315.076,23.5166,378640.1,24.1098,296713.6045,24.7754,216027.7663,249
250,600104.SH,20190111,23.6611,24.1459,23.6611,23.9273,23.6136,0.3136999999999972,1.3285,226291.57,569895.349,23.5965,366283.094,24.1307,302287.7085,24.735,216657.8652,250
251,600104.SH,20190114,23.8607,24.1364,23.5755,23.6421,23.9273,-0.2851999999999997,-1.1919,252493.37,635309.492,23.6478,359046.572,24.134,304704.5015,24.6932,218350.3297,251
252,600104.SH,20190115,23.7752,24.0889,23.566,23.8988,23.6421,0.25670000000000215,1.0858,331360.07,830693.589,23.8075,383591.268,24.1535,311340.443,24.6453,219509.8603,252
253,600104.SH,20190116,23.9368,24.3265,23.8702,24.1934,23.8988,0.2945999999999991,1.2327,278248.29,705913.841,23.855,285889.964,24.1697,310960.68,24.5913,220061.6503,253
254,600104.SH,20190117,24.26,24.298,23.7847,23.7942,24.1934,-0.39920000000000044,-1.65,250926.18,633125.723,23.8912,267863.896,24.1711,314170.263,24.5477,221783.945,254
255,600104.SH,20190118,24.0318,24.1934,23.7657,24.1364,23.7942,0.3421999999999983,1.4382,400469.58,1011621.057,23.933,302699.498,24.1659,316090.017,24.5122,225692.4423,255
256,600104.SH,20190121,24.1934,24.992,24.1934,24.8399,24.1364,0.7035000000000018,2.9147,456954.85,1189404.597,24.1725,343591.794,24.2015,325265.5025,24.4916,230744.3102,256
257,600104.SH,20190122,24.9254,24.9254,24.0509,24.1554,24.8399,-0.6844999999999999,-2.7556,225611.23,577981.635,24.2239,322442.026,24.1925,326339.0285,24.4582,232296.1565,257
258,600104.SH,20190123,24.0984,24.3265,23.9368,24.0509,24.1554,-0.10450000000000159,-0.4326,238642.04,605195.165,24.1954,314520.776,24.1659,327519.3655,24.4298,233317.4772,258
259,600104.SH,20190124,24.1459,24.6022,23.7086,24.4311,24.0509,0.3802000000000021,1.5808,283422.96,723762.605,24.3227,321020.132,24.1402,328875.3665,24.4026,233525.436,259
260,600104.SH,20190125,24.4501,25.1346,24.3265,24.9349,24.4311,0.5037999999999982,2.0621,488782.94,1275009.698,24.4824,338682.804,24.1155,332033.847,24.3886,237775.3615,260
261,600104.SH,20190128,24.9064,25.6194,24.7068,24.8018,24.9349,-0.13309999999999889,-0.5338,395268.04,1048293.414,24.4748,326345.442,24.0646,326567.449,24.3674,240155.0022,261
262,600104.SH,20190129,25.1821,25.1916,24.4596,24.8874,24.8018,0.08559999999999945,0.3451,249995.49,652271.926,24.6212,331222.294,24.0413,319805.826,24.337,240139.5572,262
263,600104.SH,20190130,24.8304,24.9444,24.6402,24.7258,24.8874,-0.16159999999999997,-0.6493,161896.25,422415.58,24.7562,315873.136,24.0779,316789.786,24.3102,239525.468,263
264,600104.SH,20190131,24.8969,25.4578,24.8114,25.2867,24.7258,0.5609000000000002,2.2685,286167.21,759414.759,24.9273,316421.986,24.1645,320986.5285,24.2952,242443.2187,264
265,600104.SH,20190201,25.5623,25.5623,24.9539,25.3342,25.2867,0.04749999999999943,0.1878,193436.13,513190.299,25.0072,257352.624,24.2548,316254.505,24.2893,242272.699,265
266,600104.SH,20190211,24.9825,25.6669,24.9825,25.6574,25.3342,0.32319999999999993,1.2757,264077.5,706080.928,25.1783,231114.516,24.3684,315024.581,24.286,244290.1205,266
267,600104.SH,20190212,25.7145,25.8475,25.2486,25.4768,25.6574,-0.18059999999999832,-0.7039,329788.08,884412.423,25.2962,247073.034,24.4872,321082.1555,24.2793,248075.735,267
268,600104.SH,20190213,25.4293,26.5985,25.4102,26.3989,25.4768,0.9221000000000004,3.6194,471827.92,1290365.47,25.6308,309059.368,24.6093,306335.811,24.286,253977.1275,268
269,600104.SH,20190214,26.2278,26.551,26.0947,26.2373,26.3989,-0.16159999999999997,-0.6121,237397.22,655567.861,25.8209,299305.37,24.7405,301152.846,24.288,256066.7312,269
270,600104.SH,20190215,25.5719,25.5719,24.7733,24.9349,26.2373,-1.3024000000000022,-4.9639,542325.92,1431735.225,25.7411,369083.328,24.7909,316954.5635,24.276,262864.6838,270
271,600104.SH,20190218,25.0965,26.1327,25.011,25.9521,24.9349,1.0172000000000025,4.0794,393033.06,1058441.332,25.8,394874.44,24.9064,323981.548,24.2855,264884.5318,271
272,600104.SH,20190219,25.9616,26.6271,25.8095,26.2563,25.9521,0.304199999999998,1.1722,321050.09,887989.7,25.9559,393126.842,25.0243,323466.049,24.3096,264469.702,272
273,600104.SH,20190220,26.5225,27.0643,26.3324,26.8267,26.2563,0.5703999999999994,2.1724,348459.56,979948.127,26.0415,368453.17,25.156,326976.6125,24.3487,265441.6998,273
274,600104.SH,20190221,26.9503,27.5301,26.6746,27.2164,26.8267,0.38970000000000127,1.4527,312631.04,892787.595,26.2373,383499.934,25.3271,330061.8555,24.3954,267429.4552,274
275,600104.SH,20190222,27.1784,27.1784,26.6936,27.0073,27.2164,-0.2090999999999994,-0.7683,206887.23,584591.745,26.6518,316412.196,25.4706,320382.738,24.4428,268465.8787,275
276,600104.SH,20190225,26.7031,27.9484,26.7031,27.8629,27.0073,0.855599999999999,3.168,487835.53,1397975.045,27.0339,335372.69,25.6218,321926.772,24.4989,273568.4615,276
277,600104.SH,20190226,27.6727,27.7773,26.9788,27.0453,27.8629,-0.8175999999999988,-2.9344,329021.8,946505.441,27.1917,336967.032,25.7663,327097.3005,24.5517,276405.6008,277
278,600104.SH,20190227,26.9027,27.1689,26.6936,26.8932,27.0453,-0.1521000000000008,-0.5624,284489.84,804309.164,27.205,324173.088,25.9084,329389.6905,24.6078,279026.6983,278
279,600104.SH,20190228,26.9217,27.1119,26.7221,26.9217,26.8932,0.02850000000000108,0.106,208529.33,590878.918,27.1461,303352.746,26.0329,325645.009,24.667,280548.3772,279
280,600104.SH,20190301,27.0929,27.3115,26.7982,27.264,26.9217,0.34229999999999805,1.2715,255317.23,727462.391,27.1974,313038.746,26.1494,313971.7235,24.7264,282468.4885,280
281,600104.SH,20190304,27.2069,27.8058,27.0929,27.1309,27.264,-0.13309999999999889,-0.4882,490701.84,1414312.821,27.051,313612.008,26.2658,318743.4135,24.7836,288890.1457,281
282,600104.SH,20190305,27.378,27.378,26.3799,26.7316,27.1309,-0.3993000000000002,-1.4718,550717.84,1545699.053,26.9883,357951.216,26.358,333779.531,24.8354,295969.9775,282
283,600104.SH,20190306,26.6936,26.7221,26.1612,26.3989,26.7316,-0.3326999999999991,-1.2446,496749.9,1376878.033,26.8894,400403.228,26.4417,350522.2135,24.8733,298989.7368,283
284,600104.SH,20190307,26.3989,26.4084,25.5623,25.6764,26.3989,-0.7225000000000001,-2.7369,533286.71,1451041.42,26.6404,465354.704,26.4612,362878.1885,24.9036,305399.7387,284
285,600104.SH,20190308,25.4768,25.4768,25.087,25.1821,25.6764,-0.4943000000000026,-1.9251,363053.42,965142.861,26.224,486901.942,26.4536,371359.053,24.9273,308986.5025,285
286,600104.SH,20190311,25.1726,25.5053,25.106,25.3627,25.1821,0.18060000000000187,0.7172,445646.22,1185491.352,25.8703,477890.818,26.4388,380437.489,24.9587,313690.5335,286
287,600104.SH,20190312,25.2772,25.5814,25.1346,25.4198,25.3627,0.057099999999998374,0.2251,544021.89,1450709.577,25.608,476551.628,26.436,391149.1795,24.9907,321522.9035,287
288,600104.SH,20190313,25.2677,25.2677,24.241,24.298,25.4198,-1.1218000000000004,-4.4131,787482.15,2032305.021,25.1878,534698.078,26.3309,406931.891,25.0107,332113.5758,288
289,600104.SH,20190314,24.279,24.6688,24.1364,24.4881,24.298,0.19010000000000105,0.7824,493079.13,1264496.725,24.9501,526656.562,26.2435,419715.9865,25.0313,339194.1457,289
290,600104.SH,20190315,24.5072,24.7923,24.3455,24.5072,24.4881,0.01910000000000167,0.078,442612.5,1142077.146,24.8152,542568.378,26.2221,414730.3155,25.0479,344657.5292,290
291,600104.SH,20190318,24.6688,25.1251,24.4026,25.049,24.5072,0.5417999999999985,2.2108,513306.25,1339408.814,24.7524,556100.384,26.1769,420743.975,25.0725,349810.0082,291
292,600104.SH,20190319,25.1441,25.3817,24.9635,25.2867,25.049,0.23770000000000024,0.9489,484522.67,1285333.053,24.7258,544200.54,26.1284,428917.604,25.1021,354574.6987,292
293,600104.SH,20190320,25.2772,25.3342,24.9635,25.0775,25.2867,-0.20919999999999916,-0.8273,287751.6,760557.197,24.8817,444254.43,26.041,425882.206,25.1222,354606.4995,293
294,600104.SH,20190321,25.0775,25.1631,24.8494,24.8779,25.0775,-0.19960000000000022,-0.7959,341610.78,897195.782,24.9597,413960.76,25.9241,427331.193,25.1407,357187.7705,294
295,600104.SH,20190322,24.8589,25.106,24.6212,24.9444,24.8779,0.06650000000000134,0.2673,398855.27,1044484.397,25.0471,405209.314,25.8209,436929.595,25.1525,357800.7833,295
296,600104.SH,20190325,24.6212,24.7163,24.3075,24.317,24.9444,-0.6274000000000015,-2.5152,358167.53,923459.915,24.9007,374181.57,25.6436,430446.195,25.1556,359212.8232,296
297,600104.SH,20190326,24.4216,24.5262,24.26,24.4501,24.317,0.13309999999999889,0.5474,250346.11,642685.432,24.7334,327346.258,25.5139,426512.4105,25.1575,359982.9132,297
298,600104.SH,20190327,24.4596,24.5737,24.0318,24.1364,24.4501,-0.31370000000000076,-1.283,374189.32,954099.527,24.5452,344633.802,25.376,430997.3845,25.1501,362635.4802,298
299,600104.SH,20190328,24.0509,24.1459,23.7752,24.1079,24.1364,-0.028499999999997527,-0.1181,294749.78,743294.361,24.3912,335261.602,25.2353,435308.407,25.1361,363276.2608,299
300,600104.SH,20190329,24.0984,24.8018,24.0033,24.7828,24.1079,0.6749000000000009,2.7995,452746.89,1167595.972,24.3588,346039.926,25.1113,445179.89,25.1254,363728.4868,300
301,600104.SH,20190401,24.9444,25.5053,24.9444,25.2772,24.7828,0.49439999999999884,1.9949,593451.75,1576929.178,24.5509,393096.77,25.0186,450317.3855,25.1163,365209.416,301
302,600104.SH,20190402,25.1916,25.2867,24.8779,25.1156,25.2772,-0.16159999999999997,-0.6393,675349.89,1779959.82,24.684,478097.526,24.9378,456548.988,25.1124,370044.7817,302
303,600104.SH,20190403,25.049,25.8285,24.9635,25.8285,25.1156,0.7128999999999976,2.8385,857965.53,2296062.116,25.0224,574852.768,24.9093,474609.7695,25.143,380640.5897,303
304,600104.SH,20190404,25.9996,27.5206,25.9996,27.1974,25.8285,1.3689,5.3,1183779.56,3348103.419,25.6403,752658.724,24.9853,507134.412,25.2036,396999.7097,304
305,600104.SH,20190408,27.1974,27.4351,26.4369,26.6936,27.1974,-0.5037999999999982,-1.8524,621050.86,1759074.732,26.0225,786319.518,25.0609,520034.284,25.2564,402549.2807,305
306,600104.SH,20190409,26.6271,27.4541,26.6271,27.1689,26.6936,0.4753000000000007,1.7806,598183.47,1710982.769,26.4008,787265.862,25.1512,527661.1465,25.3195,407707.7388,306
307,600104.SH,20190410,26.9027,28.5188,26.6175,27.7868,27.1689,0.6178999999999988,2.2743,829132.22,2425143.433,26.935,818022.328,25.2695,541916.663,25.3976,418049.3327,307
308,600104.SH,20190411,28.0245,28.766,27.3685,27.5492,27.7868,-0.23760000000000048,-0.8551,596097.16,1762334.125,27.2792,765648.654,25.4321,532347.4135,25.4575,415205.0385,308
309,600104.SH,20190412,27.5492,28.015,26.6271,26.9027,27.5492,-0.6464999999999996,-2.3467,413742.37,1177616.891,27.2202,611641.216,25.5528,528380.5755,25.5123,416416.4693,309
310,600104.SH,20190415,27.3305,27.9769,26.6366,26.6746,26.9027,-0.22809999999999775,-0.8479,458265.54,1312243.536,27.2164,579084.152,25.6612,529163.2275,25.5581,420282.7022,310
311,600104.SH,20190416,26.7316,27.1784,26.1898,27.1119,26.6746,0.4372999999999969,1.6394,333788.32,938871.278,27.205,526205.122,25.7644,520187.331,25.6159,421637.618,311
312,600104.SH,20190417,27.264,28.804,27.245,28.7279,27.1119,1.6160000000000032,5.9605,990508.39,2942472.447,27.3933,558480.356,25.9364,545486.617,25.6964,432623.4233,312
313,600104.SH,20190418,28.7374,28.804,27.9294,28.0815,28.7279,-0.6464000000000034,-2.2501,364009.04,1082075.973,27.4997,512062.732,26.0866,549299.489,25.7612,434052.7692,313
314,600104.SH,20190419,28.072,28.6139,27.7298,28.1671,28.0815,0.08560000000000301,0.3048,281055.97,833789.247,27.7526,485525.452,26.2511,546271.7485,25.8341,434554.9323,314
315,600104.SH,20190422,28.015,28.0435,26.8362,27.0168,28.1671,-1.1503000000000014,-4.0838,371873.57,1067960.662,27.821,468247.058,26.3547,544922.6635,25.8821,434078.3322,315
316,600104.SH,20190423,27.1499,27.4446,26.8837,27.0073,27.0168,-0.009499999999999176,-0.0352,340536.48,971941.023,27.8001,469596.69,26.4892,544041.111,25.9182,432138.026,316
317,600104.SH,20190424,27.1974,27.3305,26.6366,27.0168,27.0073,0.009499999999999176,0.0352,242235.42,688610.929,27.4579,319942.096,26.6175,543635.5765,25.9659,432415.0958,317
318,600104.SH,20190425,26.8077,26.9503,25.9331,26.0377,27.0168,-0.979099999999999,-3.624,384556.21,1062175.775,27.0491,324051.53,26.7126,544153.921,25.999,434846.9987,318
319,600104.SH,20190426,25.8666,26.0091,25.2106,25.2677,26.0377,-0.7699999999999996,-2.9573,385869.37,1031588.876,26.4693,345014.21,26.7706,548709.9005,26.0129,436554.4388,319
320,600104.SH,20190429,25.2867,25.6859,25.1536,25.4007,25.2677,0.13299999999999912,0.5264,353081.98,944612.258,26.146,341255.892,26.8015,543726.655,26.0207,434292.7562,320
321,600104.SH,20190430,25.4007,26.0472,25.3152,26.0282,25.4007,0.6274999999999977,2.4704,280211.35,761307.607,25.9502,329190.866,26.839,528064.635,26.0411,432375.1447,321
322,600104.SH,20190506,25.3247,25.6669,24.4976,24.8304,26.0282,-1.1977999999999973,-4.6019,449338.52,1178996.315,25.5129,370611.486,26.8248,516764.0665,26.0402,435697.5285,322
323,600104.SH,20190507,24.973,25.2867,24.6022,24.8779,24.8304,0.04749999999999943,0.1913,310634.3,814339.648,25.281,355827.104,26.7773,489397.505,26.0427,438176.496,323
324,600104.SH,20190508,24.3455,25.1346,24.336,24.6497,24.8779,-0.22820000000000107,-0.9173,223379.33,579658.483,25.1574,323329.096,26.6499,441377.4935,26.0321,437130.0313,324
325,600104.SH,20190509,24.5072,24.8018,24.1269,24.2885,24.6497,-0.3612000000000002,-1.4653,285968.07,731943.567,24.9349,309906.314,26.5296,424623.354,26.0147,438672.2303,325
326,600104.SH,20190510,24.3931,25.03,23.9653,25.03,24.2885,0.741500000000002,3.0529,347176.06,897844.802,24.7353,323299.256,26.4227,412072.9835,26.0042,440057.2063,326
327,600104.SH,20190513,24.4596,24.6022,24.0984,24.26,25.03,-0.7699999999999996,-3.0763,224029.7,572347.473,24.6212,278237.492,26.2463,381817.8575,25.984,438294.5667,327
328,600104.SH,20190514,23.9273,24.4121,23.9273,24.0128,24.26,-0.24720000000000297,-1.019,221343.35,561039.318,24.4482,260379.302,26.0695,363080.167,25.9442,434119.8238,328
329,600104.SH,20190515,24.0699,24.5547,24.0699,24.4406,24.0128,0.4278000000000013,1.7815,236555.85,605525.502,24.4064,263014.606,25.9464,354220.841,25.9142,434105.801,329
330,600104.SH,20190516,24.5262,24.9064,24.4501,24.7448,24.4406,0.3042000000000016,1.2447,204511.7,531266.855,24.4976,246723.332,25.8499,341533.149,25.9111,428475.564,330
331,600104.SH,20190517,24.7448,24.7448,24.1269,24.222,24.7448,-0.5228000000000002,-2.1128,162165.11,414335.413,24.336,209721.142,25.7054,332951.9885,25.8822,424627.7648,331
332,600104.SH,20190520,24.2125,24.5262,23.4615,23.6516,24.222,-0.5704000000000029,-2.3549,253430.26,635609.791,24.2144,215601.254,25.4516,296098.082,25.8388,423500.7677,332
333,600104.SH,20190521,23.7371,23.9843,23.547,23.7276,23.6516,0.07600000000000051,0.3213,186464.47,465821.778,24.1573,208625.478,25.2339,287220.8535,25.7872,420800.8495,333
334,600104.SH,20190522,23.7371,23.7371,23.2048,23.2808,23.7276,-0.44679999999999964,-1.883,232596.74,572329.4,23.9254,207833.656,24.9896,284797.892,25.7216,419466.9445,334
335,600104.SH,20190523,23.2713,23.2713,22.064,22.1876,23.2808,-1.0931999999999995,-4.6957,438606.17,1032433.127,23.4139,254652.55,24.7481,288134.522,25.6412,423328.9268,335
336,600104.SH,20190524,22.1971,22.7485,21.7789,22.3112,22.1876,0.12359999999999971,0.5571,432819.73,1009204.009,23.0318,308783.474,24.5133,292748.6845,25.5487,422411.9968,336
337,600104.SH,20190527,22.1496,22.5774,21.5697,22.5489,22.3112,0.23770000000000024,1.0654,349138.73,810088.932,22.8112,327925.168,24.2899,298093.85,25.4738,422747.279,337
338,600104.SH,20190528,22.3492,23.5565,22.3017,23.5565,22.5489,1.0076,4.4685,527802.8,1290004.203,22.777,396192.834,24.1659,305256.1795,25.4182,426802.495,338
339,600104.SH,20190529,23.2904,23.3759,23.0052,23.0907,23.5565,-0.46580000000000155,-1.9774,220460.5,536890.179,22.739,393765.586,24.057,296985.736,25.3543,427001.3478,339
340,600104.SH,20190530,23.1002,23.1668,22.5584,22.8626,23.0907,-0.22809999999999775,-0.9878,186814.72,447538.639,22.874,343407.296,23.9301,288672.373,25.281,425859.6393,340
341,600104.SH,20190531,22.815,23.1478,22.5679,22.7675,22.8626,-0.09510000000000218,-0.416,145202.18,349844.271,22.9652,285883.786,23.7671,281921.9145,25.2082,420101.3117,341
342,600104.SH,20190603,23.2428,23.4329,22.8531,23.1953,22.7675,0.4278000000000013,1.879,222492.47,543361.73,23.0945,260554.534,23.6853,270579.612,25.1493,414630.8888,342
343,600104.SH,20190604,23.2904,23.547,22.9957,23.452,23.1953,0.25670000000000215,1.1067,190776.51,467216.566,23.0736,193149.276,23.614,264586.7225,25.1002,409531.3323,343
344,600104.SH,20190605,23.547,23.6706,23.2618,23.3094,23.452,-0.14260000000000161,-0.6081,156861.03,387852.622,23.1174,180429.382,23.547,261260.8075,25.0607,403257.571,344
345,600104.SH,20190606,23.4044,23.5185,23.1573,23.3474,23.3094,0.038000000000000256,0.163,164369.57,403082.064,23.2143,175940.352,23.5,255180.8825,25.0302,399946.1735,345
346,600104.SH,20190610,23.6611,24.0318,22.9576,23.0812,23.3474,-0.2662000000000013,-1.1402,289789.13,712147.084,23.2771,204857.742,23.4025,252311.536,24.9921,397348.5553,346
347,600104.SH,20190611,22.8911,23.4805,22.72,23.3379,23.0812,0.25670000000000215,1.1122,229170.38,558773.238,23.3056,206193.324,23.3564,252568.57,24.9574,392101.0302,347
348,600104.SH,20190612,23.2238,23.528,22.9671,23.5185,23.3379,0.18059999999999832,0.7738,167498.29,410882.104,23.3189,201537.68,23.3317,249876.317,24.9444,381767.9658,348
349,600104.SH,20190613,23.4995,23.5565,23.0717,23.3664,23.5185,-0.1521000000000008,-0.6467,150527.83,369164.742,23.3303,200271.04,23.278,245574.916,24.9257,376058.7775,349
350,600104.SH,20190614,23.3379,23.528,23.0052,23.1002,23.3664,-0.26619999999999777,-1.1392,153066.18,373211.917,23.2808,198010.362,23.1958,243002.64,24.9023,371233.0055,350
351,600104.SH,20190617,23.1953,23.3379,23.1002,23.1573,23.1002,0.057099999999998374,0.2472,127351.81,311332.04,23.2961,165522.898,23.1425,241261.975,24.8708,364800.4315,351
352,600104.SH,20190618,23.1953,23.3474,22.8721,22.9101,23.1573,-0.24719999999999942,-1.0675,147260.43,357142.348,23.2105,149140.908,23.1055,235953.4835,24.8312,359179.3942,352
353,600104.SH,20190619,23.2904,23.4329,23.1668,23.2143,22.9101,0.3042000000000016,1.3278,193370.12,473790.923,23.1497,154315.274,23.0798,236298.766,24.8001,357606.3695,353
354,600104.SH,20190620,23.2808,23.8417,23.1192,23.7562,23.2143,0.5418999999999983,2.3343,306051.74,759154.391,23.2276,185420.056,23.1036,239971.516,24.7814,357013.7188,354
355,600104.SH,20190621,23.7657,24.0413,23.7657,24.0128,23.7562,0.25659999999999883,1.0801,211942.32,533671.307,23.4101,197195.284,23.1948,228638.3235,24.7659,353898.503,355
356,600104.SH,20190624,23.9463,24.1934,23.8037,24.1459,24.0128,0.13310000000000244,0.5543,131794.41,333056.856,23.6079,198083.804,23.2866,213587.0575,24.763,350125.6177,356
357,600104.SH,20190625,24.2125,24.317,23.9368,24.0318,24.1459,-0.11410000000000053,-0.4725,182675.87,463428.387,23.8322,205166.892,23.3607,205263.9145,24.7561,348997.7803,357
358,600104.SH,20190626,23.9558,24.4976,23.9368,24.336,24.0318,0.304199999999998,1.2658,185848.32,475908.421,24.0565,203662.532,23.3997,188166.1905,24.7594,345858.7637,358
359,600104.SH,20190627,24.4311,24.7733,24.1269,24.279,24.336,-0.05699999999999861,-0.2342,186443.91,479850.72,24.1611,179740.966,23.4591,186465.361,24.7622,344053.6658,359
360,600104.SH,20190628,24.3075,24.6022,24.0699,24.241,24.279,-0.038000000000000256,-0.1565,153719.81,392898.848,24.2067,168096.464,23.528,184810.6155,24.7532,339069.8812,360
361,600104.SH,20190701,24.5072,24.9444,24.5072,24.7638,24.241,0.5228000000000002,2.1567,264994.96,690092.651,24.3303,194736.574,23.6278,190800.2545,24.7447,333595.6013,361
362,600104.SH,20190702,24.7163,25.762,24.5452,25.4578,24.7638,0.6939999999999991,2.8025,370204.9,988551.691,24.6155,232242.38,23.741,198185.876,24.7504,328509.8515,362
363,600104.SH,20190703,25.4863,25.6384,25.2867,25.4768,25.4578,0.019000000000001904,0.0746,259852.66,696184.47,24.8437,247043.248,23.8422,201639.6835,24.7445,318541.3037,363
364,600104.SH,20190704,25.5243,26.1232,25.4768,25.5243,25.4768,0.04749999999999943,0.1864,268546.38,728179.001,25.0927,263463.742,23.9529,207223.951,24.7166,303287.4173,364
365,600104.SH,20190705,25.5243,25.7905,25.1536,25.6384,25.5243,0.11410000000000053,0.447,222524.21,597511.383,25.3722,277224.622,24.0675,210131.683,24.699,296645.3065,365
366,600104.SH,20190708,25.6479,25.7145,24.7638,24.8969,25.6384,-0.741500000000002,-2.8921,239256.95,631029.252,25.3988,272077.02,24.1583,207605.074,24.6612,290663.1978,366
367,600104.SH,20190709,24.992,25.4958,24.8114,24.9349,24.8969,0.038000000000000256,0.1526,294641.64,776347.118,25.2943,256964.368,24.2381,210878.637,24.6136,281755.0215,367
368,600104.SH,20190710,25.106,25.1251,24.317,24.4216,24.9349,-0.5132999999999974,-2.0586,227175.64,586006.46,25.0832,250428.964,24.2833,213862.5045,24.5615,275606.3295,368
369,600104.SH,20190711,24.5927,24.7923,24.1269,24.2695,24.4216,-0.1521000000000008,-0.6228,240174.17,617201.439,24.8323,244754.522,24.3284,218344.8215,24.5176,272713.5262,369
370,600104.SH,20190712,24.49,24.49,23.65,23.9,24.27,-0.370000000000001,-1.5245,346931.45,832623.618,24.4846,269635.97,24.3684,228038.085,24.4714,270857.958,370
371,600104.SH,20190715,23.85,24.43,23.04,24.19,23.9,0.2900000000000027,1.2134,330001.51,787385.872,24.3432,287784.882,24.4201,238170.57,24.4227,270794.8445,371
372,600104.SH,20190716,24.23,24.35,23.88,23.96,24.19,-0.23000000000000043,-0.9508,152473.56,366968.537,24.1482,259351.266,24.4726,238431.2265,24.3432,256827.5973,372
373,600104.SH,20190717,23.88,24.32,23.58,24.09,23.96,0.129999999999999,0.5426,181119.54,436045.266,24.0819,250140.046,24.5163,237818.6975,24.2767,253779.439,373
374,600104.SH,20190718,23.97,23.98,23.62,23.66,24.09,-0.4299999999999997,-1.785,124326.41,295449.333,23.96,226970.494,24.5115,228732.431,24.2016,251167.2797,374
375,600104.SH,20190719,23.72,24.05,23.5,23.71,23.66,0.05000000000000071,0.2113,154473.58,367807.655,23.922,188478.92,24.4964,225858.994,24.1464,247543.9465,375
376,600104.SH,20190722,23.7,23.83,23.34,23.39,23.71,-0.3200000000000003,-1.3496,136250.52,320113.328,23.762,149728.722,24.4586,226081.7995,24.0862,244139.1805,376
377,600104.SH,20190723,23.43,24.11,23.33,23.89,23.39,0.5,2.1377,201511.56,478576.357,23.748,159536.322,24.4515,227023.584,24.034,243460.4495,377
378,600104.SH,20190724,24.0,24.8,24.0,24.69,23.89,0.8000000000000007,3.3487,248186.29,609561.469,23.868,172949.672,24.4692,230140.4825,24.0116,241187.6175,378
379,600104.SH,20190725,24.7,24.85,24.28,24.35,24.69,-0.33999999999999986,-1.3771,173229.26,424407.767,24.006,182730.242,24.4728,229479.75,23.9963,237643.6157,379
380,600104.SH,20190726,24.2,24.43,24.13,24.35,24.35,0.0,0.0,116354.97,283046.415,24.134,175106.52,24.4782,227611.508,23.9788,233698.1655,380
381,600104.SH,20190729,24.32,24.71,24.06,24.67,24.35,0.3200000000000003,1.3142,149328.28,365919.494,24.39,177722.072,24.4735,221828.174,23.9561,231516.781,381
382,600104.SH,20190730,24.6,25.26,24.52,24.9,24.67,0.22999999999999687,0.9323,293999.66,733705.993,24.592,196219.692,24.4456,218017.912,23.9573,228927.8,382
383,600104.SH,20190731,25.0,25.08,24.79,24.84,24.9,-0.05999999999999872,-0.241,167931.87,418742.776,24.622,180168.808,24.4138,213421.8725,23.9567,226549.4262,383
384,600104.SH,20190801,24.9,25.04,24.52,24.59,24.84,-0.25,-1.0064,154824.6,383223.512,24.67,176487.876,24.3671,207735.7835,23.9557,225406.8473,384
385,600104.SH,20190802,23.9,24.39,23.6,24.18,24.59,-0.41000000000000014,-1.6673,209464.46,505627.948,24.636,195109.774,24.2941,207082.796,23.9539,224131.7872,385
386,600104.SH,20190805,24.1,24.23,23.61,23.61,24.18,-0.5700000000000003,-2.3573,180847.43,431554.007,24.424,201413.604,24.2298,204162.32,23.9302,221359.6433,386
387,600104.SH,20190806,23.35,24.07,23.17,23.82,23.61,0.21000000000000085,0.8895,274064.54,646998.739,24.208,197426.58,24.1741,203133.465,23.9229,222193.5573,387
388,600104.SH,20190807,23.91,24.22,23.55,23.62,23.82,-0.1999999999999993,-0.8396,196527.84,469550.268,23.964,203145.774,24.134,201601.075,23.9163,221779.9655,388
389,600104.SH,20190808,23.98,24.47,23.75,24.38,23.62,0.759999999999998,3.2176,189773.67,459862.137,23.922,210135.588,24.1395,199081.05,23.9153,221000.2625,389
390,600104.SH,20190809,24.47,24.99,24.1,24.38,24.38,0.0,0.0,191967.5,472019.654,23.962,206636.196,24.1635,191332.8525,23.9092,220791.1925,390
391,600104.SH,20190812,24.39,24.62,24.24,24.31,24.38,-0.07000000000000028,-0.2871,135574.63,330470.991,24.102,197581.636,24.1695,181611.5085,23.9107,220348.0178,391
392,600104.SH,20190813,24.21,24.51,23.82,23.93,24.31,-0.379999999999999,-1.5631,184405.69,443905.191,24.124,179649.866,24.168,183208.115,23.9153,219197.6083,392
393,600104.SH,20190814,24.21,24.6,24.1,24.4,23.93,0.46999999999999886,1.9641,212518.57,518075.735,24.28,182848.012,24.1835,184778.0665,23.9265,219631.8433,393
394,600104.SH,20190815,24.15,24.96,23.97,24.65,24.4,0.25,1.0246,337818.11,834056.323,24.334,212456.9,24.233,195452.6515,23.9494,221385.5328,394
395,600104.SH,20190816,24.7,24.92,24.49,24.54,24.65,-0.10999999999999943,-0.4462,204578.5,505515.949,24.366,214979.1,24.2745,197957.8975,23.9886,217485.0717,395
396,600104.SH,20190819,24.8,25.0,24.22,24.5,24.54,-0.03999999999999915,-0.163,363658.21,892567.858,24.404,260595.816,24.33,209328.282,24.025,216332.3797,396
397,600104.SH,20190820,24.49,24.5,24.07,24.26,24.5,-0.23999999999999844,-0.9796,230216.81,558244.027,24.47,269758.04,24.3485,210763.5445,24.0536,214350.3477,397
398,600104.SH,20190821,24.18,24.24,23.94,24.09,24.26,-0.1700000000000017,-0.7007,201927.16,485353.141,24.408,267639.758,24.3185,208450.588,24.0625,208919.087,398
399,600104.SH,20190822,24.16,24.42,24.05,24.27,24.09,0.17999999999999972,0.7472,154854.81,375188.455,24.332,231047.098,24.3145,207531.8655,24.0821,207825.6588,399
400,600104.SH,20190823,24.27,24.71,24.2,24.6,24.27,0.33000000000000185,1.3597,241843.83,593584.507,24.344,238500.164,24.327,213806.3085,24.1111,208742.8107,400
401,600104.SH,20190826,24.26,24.38,23.96,24.03,24.6,-0.5700000000000003,-2.3171,300678.09,725160.157,24.25,225904.14,24.295,221373.799,24.1321,211334.0758,401
402,600104.SH,20190827,24.15,25.2,24.15,24.96,24.03,0.9299999999999997,3.8702,629698.56,1560810.656,24.39,305800.49,24.298,238158.744,24.1615,218120.844,402
403,600104.SH,20190828,25.37,26.18,24.7,25.08,24.96,0.11999999999999744,0.4808,408542.93,1034817.32,24.588,347123.644,24.31,250189.297,24.1887,221750.2843,403
404,600104.SH,20190829,25.08,25.28,24.58,24.72,25.08,-0.35999999999999943,-1.4354,195586.88,485588.278,24.678,355270.058,24.3165,252227.411,24.2122,222395.7152,404
405,600104.SH,20190830,24.85,25.4,24.62,25.08,24.72,0.35999999999999943,1.4563,337599.26,846781.768,24.774,374421.144,24.3615,258634.151,24.241,225282.8767,405
406,600104.SH,20190902,24.97,25.6,24.91,24.94,25.08,-0.13999999999999702,-0.5582,297231.72,749269.126,24.956,373731.87,24.428,264453.3655,24.272,225406.9198,406
407,600104.SH,20190903,25.03,25.04,24.4,24.61,24.94,-0.33000000000000185,-1.3232,297909.21,733241.146,24.886,307374.0,24.4675,265645.599,24.2932,226552.567,407
408,600104.SH,20190904,24.6,24.66,24.32,24.63,24.61,0.019999999999999574,0.0813,203124.32,497291.624,24.796,266290.278,24.518,265975.423,24.3118,227146.3342,408
409,600104.SH,20190905,24.76,25.4,24.76,25.26,24.63,0.6300000000000026,2.5579,404262.02,1018119.961,24.904,308025.306,24.562,276699.8405,24.3433,231375.2373,409
410,600104.SH,20190906,25.5,26.18,25.49,25.94,25.26,0.6799999999999997,2.692,303030.49,784562.021,25.076,301111.552,24.64,282252.99,24.3906,233874.6425,410
411,600104.SH,20190909,26.1,26.32,25.81,26.08,25.94,0.13999999999999702,0.5397,323504.4,842148.98,25.304,306366.088,24.7285,291649.4785,24.4394,237143.8523,411
412,600104.SH,20190910,26.09,26.17,25.42,25.5,26.08,-0.5799999999999983,-2.2239,229143.11,585410.116,25.482,292612.868,24.807,293886.3495,24.4825,238508.5637,412
413,600104.SH,20190911,25.5,25.52,25.18,25.34,25.5,-0.16000000000000014,-0.6275,173303.36,439034.171,25.624,286648.676,24.854,291925.589,24.5179,238174.1177,413
414,600104.SH,20190912,25.44,25.45,25.0,25.14,25.34,-0.1999999999999993,-0.7893,258103.93,648109.51,25.6,257417.058,24.8785,287939.88,24.541,237374.9875,414
415,600104.SH,20190916,25.44,25.44,24.97,25.01,25.14,-0.129999999999999,-0.5171,294169.05,738574.644,25.414,255644.77,24.902,292419.4075,24.5576,238745.433,415
416,600104.SH,20190917,25.0,25.02,24.59,24.7,25.01,-0.3100000000000023,-1.2395,200556.08,497952.167,25.138,231055.106,24.912,284264.301,24.5669,239891.4608,416
417,600104.SH,20190918,24.82,24.99,24.68,24.77,24.7,0.07000000000000028,0.2834,190024.77,471492.316,24.992,223231.438,24.9375,282254.699,24.5792,240013.9425,417
418,600104.SH,20190919,24.88,24.94,24.61,24.78,24.77,0.010000000000001563,0.0404,158095.26,391396.587,24.88,220189.818,24.972,280063.104,24.5866,239551.3915,418
419,600104.SH,20190920,24.81,24.84,24.56,24.66,24.78,-0.120000000000001,-0.4843,323572.3,797517.031,24.784,233283.492,24.9915,288498.9785,24.5929,241836.8647,419
420,600104.SH,20190923,24.5,24.53,23.95,24.27,24.66,-0.39000000000000057,-1.5815,352488.08,853506.526,24.636,244947.298,24.975,294031.191,24.5934,245149.6692,420
421,600104.SH,20190924,24.27,24.4,24.12,24.2,24.27,-0.07000000000000028,-0.2884,297995.99,721627.593,24.536,264435.28,24.9835,293897.086,24.584,245699.6863,421
422,600104.SH,20190925,24.09,24.15,23.57,23.67,24.2,-0.5299999999999976,-2.1901,321227.67,765781.994,24.316,290675.86,24.919,278473.5415,24.5542,244883.3992,422
423,600104.SH,20190926,23.76,23.93,23.66,23.8,23.67,0.129999999999999,0.5492,239173.37,568665.553,24.12,306891.482,24.855,270005.0635,24.5263,244538.7443,423
424,600104.SH,20190927,23.78,23.8,23.57,23.7,23.8,-0.10000000000000142,-0.4202,154435.74,365841.096,23.928,273064.17,24.804,267947.5065,24.4959,242636.9003,424
425,600104.SH,20190930,23.65,24.1,23.6,23.78,23.7,0.08000000000000185,0.3376,159766.11,381771.546,23.83,234519.776,24.739,259055.849,24.4649,241590.932,425
426,600104.SH,20191008,23.79,23.86,23.65,23.7,23.78,-0.08000000000000185,-0.3364,132595.35,314732.959,23.73,201439.648,24.677,250824.0305,24.4449,239813.2387,426
427,600104.SH,20191009,23.61,23.69,23.34,23.44,23.7,-0.259999999999998,-1.097,164486.25,385359.56,23.684,170091.364,24.6185,244152.8825,24.42,237643.9822,427
428,600104.SH,20191010,23.45,23.95,23.42,23.91,23.44,0.46999999999999886,2.0051,172966.9,410713.824,23.706,156850.07,24.5825,242645.0115,24.4115,236740.5032,428
429,600104.SH,20191011,23.99,23.99,23.75,23.93,23.91,0.019999999999999574,0.0836,113294.68,270258.155,23.752,148621.858,24.516,228096.6445,24.4058,234625.845,429
430,600104.SH,20191014,24.0,24.48,23.97,24.39,23.93,0.46000000000000085,1.9223,226972.94,550265.205,23.874,162063.224,24.4385,224293.767,24.414,232626.5365,430
431,600104.SH,20191015,24.6,24.6,23.89,23.93,24.39,-0.46000000000000085,-1.886,233271.69,561654.35,23.92,182198.492,24.331,219782.1315,24.4097,231014.3728,431
432,600104.SH,20191016,24.15,24.2,23.91,24.15,23.93,0.21999999999999886,0.9193,115707.32,278345.128,24.062,172442.706,24.2635,214110.342,24.4128,230401.6022,432
433,600104.SH,20191017,24.15,24.21,23.15,23.78,24.15,-0.36999999999999744,-1.5321,150057.81,358432.316,24.036,167860.888,24.1855,212948.0645,24.4077,229883.9067,433
434,600104.SH,20191018,23.92,23.93,23.41,23.45,23.78,-0.33000000000000185,-1.3877,165243.36,390275.368,23.94,178250.624,24.101,208305.036,24.4042,230565.8558,434
435,600104.SH,20191021,23.46,23.55,23.09,23.16,23.45,-0.28999999999999915,-1.2367,145489.06,337762.5,23.694,161953.848,24.0085,200871.0365,24.395,230416.1138,435
436,600104.SH,20191022,23.35,23.36,23.13,23.26,23.16,0.10000000000000142,0.4318,115643.91,268424.236,23.56,138428.292,23.9365,196625.428,24.3928,230072.6703,436
437,600104.SH,20191023,23.26,23.3,23.12,23.2,23.26,-0.060000000000002274,-0.258,84756.65,196644.608,23.37,132238.158,23.858,191362.022,24.3813,228126.7552,437
438,600104.SH,20191024,23.28,23.36,23.13,23.19,23.2,-0.00999999999999801,-0.0431,91821.23,213154.346,23.252,120590.842,23.7785,188048.3205,24.3563,225520.6708,438
439,600104.SH,20191025,23.21,23.24,22.9,23.07,23.19,-0.120000000000001,-0.5175,208151.9,478194.859,23.176,129172.55,23.699,182277.3005,24.335,226102.7148,439
440,600104.SH,20191028,23.07,23.75,23.03,23.68,23.07,0.6099999999999994,2.6441,196186.2,460325.474,23.28,139311.978,23.6695,174462.2065,24.3238,227433.2353,440
441,600104.SH,20191029,23.72,23.72,23.51,23.52,23.68,-0.16000000000000014,-0.6757,99146.66,234068.707,23.332,136012.528,23.6355,164519.74,24.3047,226596.875,441
442,600104.SH,20191030,23.63,23.63,23.16,23.3,23.52,-0.21999999999999886,-0.9354,120655.31,281059.597,23.352,143192.26,23.617,154491.122,24.278,223707.8025,442
443,600104.SH,20191031,23.32,23.5,23.1,23.5,23.3,0.1999999999999993,0.8584,113135.9,264108.587,23.414,147455.194,23.602,148189.2485,24.2557,222794.5363,443
444,600104.SH,20191101,23.54,23.97,23.37,23.85,23.5,0.3500000000000014,1.4894,188648.31,448622.703,23.57,143554.476,23.6095,149899.877,24.2433,223358.2648,444
445,600104.SH,20191104,23.96,24.07,23.68,23.86,23.85,0.00999999999999801,0.0419,166895.63,397891.974,23.606,137696.362,23.6135,150256.353,24.238,222648.7843,445
446,600104.SH,20191105,23.93,24.06,23.7,23.79,23.86,-0.07000000000000028,-0.2934,192154.91,459022.208,23.66,156298.012,23.618,153234.331,24.241,222837.2423,446
447,600104.SH,20191106,23.79,23.86,23.55,23.72,23.79,-0.07000000000000028,-0.2942,109494.63,259080.337,23.744,154065.876,23.632,150484.75,24.2393,220094.4105,447
448,600104.SH,20191107,23.7,24.1,23.7,24.1,23.72,0.38000000000000256,1.602,220721.42,528264.801,23.864,175582.98,23.6415,152872.476,24.2473,220497.6368,448
449,600104.SH,20191108,24.11,24.12,23.71,23.75,24.1,-0.3500000000000014,-1.4523,193868.97,464077.141,23.844,176627.112,23.6325,156901.1905,24.2368,220565.8918,449
450,600104.SH,20191111,23.6,23.63,23.33,23.4,23.75,-0.3500000000000014,-1.4737,118770.79,279029.196,23.752,167002.144,23.583,151491.083,24.2205,219345.9467,450
451,600104.SH,20191112,23.5,23.55,23.21,23.28,23.4,-0.11999999999999744,-0.5128,114458.29,266889.225,23.65,151462.82,23.5505,145550.413,24.2033,218994.0077,451
452,600104.SH,20191113,23.24,23.34,23.02,23.07,23.28,-0.21000000000000085,-0.9021,120937.36,280115.601,23.52,153751.366,23.4965,145811.915,24.189,217936.2022,452
453,600104.SH,20191114,23.07,23.17,22.97,22.97,23.07,-0.10000000000000142,-0.4335,132934.24,306393.52,23.294,136193.93,23.456,144955.7365,24.1652,216609.7967,453
454,600104.SH,20191115,23.03,23.49,22.81,23.17,22.97,0.20000000000000284,0.8707,303955.72,701134.887,23.178,158211.28,23.442,151891.3545,24.1405,216045.4235,454
455,600104.SH,20191118,23.02,23.04,22.63,22.82,23.17,-0.3500000000000014,-1.5106,202523.69,461167.584,23.062,174961.86,23.425,154743.086,24.1118,216011.1767,455
456,600104.SH,20191119,22.82,22.87,22.7,22.82,22.82,0.0,0.0,168893.98,384549.016,22.97,185848.998,23.403,157405.5895,24.0838,212765.1062,456
457,600104.SH,20191120,22.82,22.97,22.75,22.77,22.82,-0.05000000000000071,-0.2191,118686.05,271113.163,22.91,185398.736,23.3815,159102.0595,24.059,210906.2602,457
458,600104.SH,20191121,22.77,22.8,22.51,22.56,22.77,-0.21000000000000085,-0.9223,157390.75,355239.587,22.828,190290.038,23.35,162380.5355,24.0335,210163.9867,458
459,600104.SH,20191122,22.6,22.79,22.49,22.5,22.56,-0.05999999999999872,-0.266,149041.48,336821.867,22.694,159307.19,23.3215,159425.0145,24.004,210067.0978,459
460,600104.SH,20191125,22.51,23.19,22.5,23.1,22.5,0.6000000000000014,2.6667,261685.68,599417.873,22.75,171139.588,23.2925,162699.9885,23.979,210397.7953,460
461,600104.SH,20191126,23.2,23.45,23.2,23.43,23.1,0.3299999999999983,1.4286,298915.31,698437.958,22.872,197143.854,23.288,172688.421,23.969,210368.4157,461
462,600104.SH,20191127,23.42,23.47,23.21,23.35,23.43,-0.0799999999999983,-0.3414,161596.86,377319.403,22.988,205726.016,23.2905,174735.4985,23.9422,202566.7207,462
463,600104.SH,20191128,23.32,23.43,22.91,23.04,23.35,-0.3100000000000023,-1.3276,117925.61,271980.003,23.084,197832.988,23.2675,174974.984,23.9082,197723.0987,463
464,600104.SH,20191129,23.05,23.52,23.04,23.25,23.04,0.21000000000000085,0.9115,182847.03,426389.917,23.234,204594.098,23.2375,174684.92,23.8837,197510.7678,464
465,600104.SH,20191202,23.27,23.39,23.1,23.18,23.25,-0.07000000000000028,-0.3011,109646.99,254270.055,23.25,174186.36,23.2035,171822.488,23.852,193711.5633,465
466,600104.SH,20191203,23.25,23.26,23.01,23.21,23.18,0.030000000000001137,0.1294,116023.1,268980.969,23.206,137607.918,23.1745,168015.8975,23.8232,190691.4197,466
467,600104.SH,20191204,23.06,23.19,22.67,22.76,23.21,-0.4499999999999993,-1.9388,180130.04,411012.161,23.088,141314.554,23.1265,171547.668,23.7923,188728.4335,467
468,600104.SH,20191205,22.86,22.88,22.68,22.8,22.76,0.03999999999999915,0.1757,140394.12,319839.227,23.04,145808.256,23.0615,167531.303,23.7618,187682.9302,468
469,600104.SH,20191206,22.83,23.04,22.67,22.75,22.8,-0.05000000000000071,-0.2193,192224.77,438038.417,22.94,147683.804,23.0115,167449.093,23.72,184148.976,469
470,600104.SH,20191209,22.76,22.8,22.57,22.68,22.75,-0.07000000000000028,-0.3077,172251.32,390190.992,22.84,160204.67,22.9755,170123.1195,23.6657,181969.3232,470
471,600104.SH,20191210,22.63,23.18,22.6,23.16,22.68,0.4800000000000004,2.1164,232302.27,532286.957,22.83,183460.504,22.9695,176015.3185,23.617,180449.2877,471
472,600104.SH,20191211,23.2,23.55,22.97,23.42,23.16,0.26000000000000156,1.1226,273269.9,636955.035,22.962,202088.476,22.987,183631.9455,23.5823,181184.7342,472
473,600104.SH,20191212,23.5,23.6,23.32,23.52,23.42,0.09999999999999787,0.427,200182.52,470783.938,23.106,214046.156,23.0145,186994.3595,23.552,181632.7202,473
474,600104.SH,20191213,23.72,23.81,23.6,23.7,23.52,0.17999999999999972,0.7653,295818.04,701424.64,23.296,234764.81,23.041,186587.4755,23.528,182261.2887,474
475,600104.SH,20191216,23.71,23.83,23.64,23.82,23.7,0.120000000000001,0.5063,184709.05,438808.994,23.524,237256.356,23.091,185696.7435,23.5082,180436.9553,475
476,600104.SH,20191217,23.88,23.95,23.7,23.9,23.82,0.0799999999999983,0.3359,227854.42,543898.433,23.672,236366.786,23.145,188644.7655,23.4948,180891.9277,476
477,600104.SH,20191218,23.84,23.98,23.74,23.88,23.9,-0.019999999999999574,-0.0837,214270.91,511263.384,23.764,224566.988,23.2005,193424.0085,23.48,181296.03,477
478,600104.SH,20191219,23.78,24.04,23.78,23.87,23.88,-0.00999999999999801,-0.0419,175176.31,418529.372,23.834,219565.746,23.266,194313.2865,23.4648,181580.7142,478
479,600104.SH,20191220,23.87,24.28,23.84,23.98,23.87,0.10999999999999943,0.4608,210184.12,505722.564,23.89,202438.962,23.34,197370.4185,23.4535,179690.9112,479
480,600104.SH,20191223,24.1,24.21,23.69,23.7,23.98,-0.28000000000000114,-1.1676,226730.89,541663.467,23.866,210843.33,23.37,195622.679,23.444,177594.958,480
481,600104.SH,20191224,23.7,23.9,23.46,23.62,23.7,-0.0799999999999983,-0.3376,120682.87,285274.589,23.81,189409.02,23.3795,186711.057,23.4343,174639.7393,481
482,600104.SH,20191225,23.78,23.82,23.49,23.62,23.62,0.0,0.0,121976.48,287846.416,23.758,170950.134,23.393,184730.038,23.4335,171318.8862,482
483,600104.SH,20191226,23.54,23.71,23.54,23.66,23.62,0.03999999999999915,0.1693,112017.29,264451.163,23.716,158318.33,23.424,184434.622,23.4312,169199.6182,483
484,600104.SH,20191227,23.56,24.09,23.56,23.88,23.66,0.21999999999999886,0.9298,179709.47,429882.664,23.696,152223.4,23.4555,184277.744,23.4342,169620.847,484
485,600104.SH,20191230,23.92,24.05,23.72,23.85,23.88,-0.029999999999997584,-0.1256,266510.2,635817.969,23.726,160179.262,23.489,192120.9045,23.4353,171399.9152,485
486,600104.SH,20191231,23.78,23.98,23.72,23.85,23.85,0.0,0.0,209381.83,499288.055,23.772,177919.054,23.521,196788.841,23.4378,172679.6898,486
487,600104.SH,20200102,24.0,24.51,23.97,24.17,23.85,0.3200000000000003,1.3417,373737.49,908138.836,23.882,228271.256,23.5915,206469.2135,23.45,176167.2105,487
488,600104.SH,20200103,24.22,24.35,24.07,24.1,24.17,-0.07000000000000028,-0.2896,200090.24,483696.935,23.97,245885.846,23.6565,209454.0195,23.4532,176619.2662,488
489,600104.SH,20200106,24.05,24.05,23.31,23.36,24.1,-0.740000000000002,-3.0705,524563.95,1235861.323,23.866,314856.742,23.687,226070.9785,23.4437,183473.754,489
490,600104.SH,20200107,23.43,23.53,23.34,23.53,23.36,0.1700000000000017,0.7277,186610.78,437713.475,23.802,298876.858,23.7295,226788.9515,23.4293,182801.0513,490
491,600104.SH,20200108,23.49,24.0,23.3,23.89,23.53,0.35999999999999943,1.53,306143.78,723425.993,23.81,318229.248,23.766,230481.027,23.4287,184015.5862,491
492,600104.SH,20200109,24.0,25.09,23.9,24.95,23.89,1.0599999999999987,4.437,546667.33,1346215.615,23.966,352815.216,23.8425,244150.8985,23.442,191198.253,492
493,600104.SH,20200110,24.93,25.15,24.78,25.05,24.95,0.10000000000000142,0.4008,256418.17,640551.457,24.156,364080.802,23.919,246962.681,23.4632,192970.9257,493
494,600104.SH,20200113,25.21,25.39,24.83,25.3,25.05,0.25,0.998,240560.31,606341.08,24.544,307280.074,23.999,244199.7945,23.494,194226.2082,494
495,600104.SH,20200114,25.05,25.36,24.65,24.97,25.3,-0.33000000000000185,-1.3043,347872.57,868770.351,24.832,339532.432,24.0565,252357.9705,23.5242,197599.2667,495
496,600104.SH,20200115,24.78,24.93,24.44,24.56,24.97,-0.41000000000000014,-1.642,190757.45,469505.055,24.966,316455.166,24.0895,250503.122,23.5458,198851.159,496
497,600104.SH,20200116,24.8,25.17,24.61,24.8,24.56,0.240000000000002,0.9772,186712.33,464838.456,24.936,244464.166,24.1355,249125.193,23.5725,200550.4203,497
498,600104.SH,20200117,25.03,25.17,24.64,24.74,24.8,-0.060000000000002274,-0.2419,168428.78,418796.517,24.874,226866.288,24.179,248787.8165,23.5983,201827.2128,498
499,600104.SH,20200120,24.66,24.74,24.04,24.15,24.74,-0.5899999999999999,-2.3848,286357.19,694920.052,24.644,236025.664,24.1875,252596.47,23.6163,203130.6343,499
500,600104.SH,20200121,24.06,24.06,23.05,23.1,24.15,-1.0499999999999972,-4.3478,420296.29,983474.682,24.27,250510.408,24.1575,262274.74,23.6067,206865.8025,500
501,600104.SH,20200122,23.02,23.34,22.95,23.21,23.1,0.10999999999999943,0.4762,227399.18,527259.384,24.0,257838.754,24.137,267610.5555,23.6015,209003.3445,501
502,600104.SH,20200123,23.1,23.1,22.5,22.61,23.21,-0.6000000000000014,-2.5851,248936.14,566075.416,23.562,270283.516,24.0865,273958.5385,23.59,211141.3583,502
503,600104.SH,20200203,20.4,21.46,20.35,20.5,22.61,-2.1099999999999994,-9.3322,513472.41,1061826.611,22.714,339292.242,23.9285,294031.2945,23.54,217813.6335,503
504,600104.SH,20200204,20.68,21.0,20.33,20.4,20.5,-0.10000000000000142,-0.4878,472810.24,972245.457,21.964,376582.852,23.7545,308686.333,23.4825,222549.6657,504
505,600104.SH,20200205,20.51,20.96,20.42,20.89,20.4,0.490000000000002,2.402,405028.14,839131.322,21.522,373529.222,23.6065,315612.23,23.433,226518.5408,505
506,600104.SH,20200206,20.95,21.17,20.6,21.01,20.89,0.120000000000001,0.5744,293287.82,612449.565,21.082,386706.95,23.4645,319807.5295,23.3867,228204.0893,506
507,600104.SH,20200207,21.02,21.3,20.73,21.25,21.01,0.23999999999999844,1.1423,270223.28,565735.375,20.81,390964.378,23.3185,314631.819,23.3455,230882.9002,507
508,600104.SH,20200210,21.0,21.58,20.96,21.4,21.25,0.14999999999999858,0.7059,268288.73,572839.502,20.99,341927.642,23.1835,318041.7435,23.3005,231675.6887,508
509,600104.SH,20200211,21.6,21.67,21.28,21.33,21.4,-0.07000000000000028,-0.3271,220625.25,473508.715,21.176,291490.644,23.082,302844.8085,23.2602,232121.6267,509
510,600104.SH,20200212,21.33,21.65,21.18,21.65,21.33,0.3200000000000003,1.5002,195354.22,419442.714,21.328,249555.86,22.988,303281.9805,23.231,233398.0172,510
511,600104.SH,20200213,21.56,21.9,21.45,21.56,21.65,-0.08999999999999986,-0.4157,192970.73,417275.768,21.438,229492.442,22.8715,297623.328,23.2023,234706.5578,511
512,600104.SH,20200214,21.56,21.78,21.31,21.49,21.56,-0.07000000000000028,-0.3247,167218.94,359807.269,21.486,208891.574,22.6985,278650.9085,23.176,235477.9175,512
513,600104.SH,20200217,21.54,23.04,21.52,22.74,21.49,1.25,5.8167,471883.18,1062163.456,21.754,249610.464,22.583,289424.159,23.1722,241127.0665,513
514,600104.SH,20200218,22.69,22.69,22.39,22.58,22.74,-0.16000000000000014,-0.7036,247094.17,556644.944,22.004,254904.248,22.447,289750.852,23.1623,240179.374,514
515,600104.SH,20200219,22.52,23.17,22.51,22.75,22.58,0.1700000000000017,0.7529,310590.43,712715.95,22.224,277951.49,22.336,287886.745,23.1612,241980.4863,515
516,600104.SH,20200220,22.9,23.1,22.68,23.0,22.75,0.25,1.0989,212016.72,486957.804,22.512,281760.688,22.258,288949.7085,23.1642,242699.1987,516
517,600104.SH,20200221,23.22,23.88,23.2,23.85,23.0,0.8500000000000014,3.6957,345261.7,818442.696,22.984,317369.24,22.2105,296877.177,23.1822,246475.4595,517
518,600104.SH,20200224,23.6,24.32,23.6,23.7,23.85,-0.15000000000000213,-0.6289,279322.06,670025.68,23.176,278857.016,22.1585,302421.841,23.2012,248507.648,518
519,600104.SH,20200225,23.5,23.88,23.02,23.68,23.7,-0.019999999999999574,-0.0844,251376.32,589682.445,23.396,279713.446,22.135,300672.7975,23.2208,250213.2287,519
520,600104.SH,20200226,23.43,23.81,23.05,23.51,23.68,-0.16999999999999815,-0.7179,257500.72,604446.204,23.548,269095.504,22.1555,292533.019,23.2277,250143.4793,520
521,600104.SH,20200227,23.53,23.97,23.18,23.35,23.51,-0.16000000000000014,-0.6806,240484.11,565715.636,23.618,274788.982,22.1625,293187.2655,23.2263,249169.626,521
522,600104.SH,20200228,23.0,23.2,22.21,22.21,23.35,-1.1400000000000006,-4.8822,297878.71,672529.339,23.29,265312.384,22.1425,295634.394,23.2073,251440.9902,522
